Animal Name,Quality Needed,Body Parts Used,Weapon,Animal Materials
Alligator,"Legendary,Perfect","Skin,Tooth",Sniper Rifle,"Legendary Alligator Skin (https://app.notion.com/p/Legendary-Alligator-Skin-31bf194d1a9381dbbd2af6f1b0b8d1c4?pvs=21), Legendary Alligator Tooth (https://app.notion.com/p/Legendary-Alligator-Tooth-31bf194d1a9381e691baf063fc91ff7f?pvs=21), Perfect Alligator Skin (https://app.notion.com/p/Perfect-Alligator-Skin-31bf194d1a938180981bef381a0df11a?pvs=21)"
Armadillo,Perfect,Skin,Varmint Rifle,Perfect Armadillo Skin (https://app.notion.com/p/Perfect-Armadillo-Skin-31bf194d1a9381d493c2de70f54c5633?pvs=21)
Badger,Perfect,Pelt,Varmint Rifle,Perfect Badger Pelt (https://app.notion.com/p/Perfect-Badger-Pelt-31bf194d1a938193974ce04d68ff08d7?pvs=21)
Bear,"Legendary,Perfect","Claw,Pelt",Sniper Rifle,"Legendary Bear Claw (https://app.notion.com/p/Legendary-Bear-Claw-31bf194d1a9381d6a582f739d83c1347?pvs=21), Legendary Bear Pelt (https://app.notion.com/p/Legendary-Bear-Pelt-31bf194d1a93817da5d2e77335e0a511?pvs=21), Perfect Bear Pelt (https://app.notion.com/p/Perfect-Bear-Pelt-31bf194d1a938111bd2dc3bc3c5a4c17?pvs=21)"
Beaver,"Legendary,Perfect","Pelt,Tooth",Repeater,"Legendary Beaver Pelt (https://app.notion.com/p/Legendary-Beaver-Pelt-31bf194d1a9381549668c83424a6682a?pvs=21), Legendary Beaver Tooth (https://app.notion.com/p/Legendary-Beaver-Tooth-31bf194d1a93814298f7c1b6362de38c?pvs=21), Perfect Beaver Pelt (https://app.notion.com/p/Perfect-Beaver-Pelt-31bf194d1a938194a77fdcc030e3794e?pvs=21)"
Bison,"Perfect,Legendary","Pelt,Horn",Sniper Rifle,"Perfect Bison Pelt (https://app.notion.com/p/Perfect-Bison-Pelt-31bf194d1a938171ba25d7a497b3eb8b?pvs=21), Legendary Bison Horn (https://app.notion.com/p/Legendary-Bison-Horn-31bf194d1a9381459bf3e571a2f7c79b?pvs=21)"
Black Bear,Perfect,Pelt,Sniper Rifle,Perfect Black Bear Pelt (https://app.notion.com/p/Perfect-Black-Bear-Pelt-31bf194d1a9381baa4e8db9d3fac8a0d?pvs=21)
Blue Jay,n/a,Feather,Small Game Arrow,Blue Jay Feather (https://app.notion.com/p/Blue-Jay-Feather-31bf194d1a9381249593eaa8f7bddf33?pvs=21)
Boar,"Legendary,Perfect","Pelt,Tusk",Regular Rifle,"Legendary Boar Pelt (https://app.notion.com/p/Legendary-Boar-Pelt-31bf194d1a9381db8633e2df5a85058c?pvs=21), Legendary Boar Tusk (https://app.notion.com/p/Legendary-Boar-Tusk-31bf194d1a9381d4b88dc73cf34c6b6d?pvs=21), Perfect Boar Pelt (https://app.notion.com/p/Perfect-Boar-Pelt-31bf194d1a938121ab2dcbfe4ba02ff1?pvs=21)"
Buck,"n/a,Legendary,Perfect","Antler,Pelt",Regular Rifle,"Buck Antler (https://app.notion.com/p/Buck-Antler-31bf194d1a9381038f0edafd6e8809f1?pvs=21), Legendary Buck Antler (https://app.notion.com/p/Legendary-Buck-Antler-31bf194d1a938188920bf80315048fd7?pvs=21), Legendary Buck Pelt (https://app.notion.com/p/Legendary-Buck-Pelt-31bf194d1a938147aae5d7371f19b5aa?pvs=21), Perfect Buck Pelt (https://app.notion.com/p/Perfect-Buck-Pelt-31bf194d1a93813498f5cd581a6b3b2d?pvs=21)"
Bull,Perfect,Hide,Sniper Rifle,Perfect Bull Hide (https://app.notion.com/p/Perfect-Bull-Hide-31bf194d1a938126930ed2cc03e01ac8?pvs=21)
Cardinal,n/a,Feather,Small Game Arrow,Cardinal Feather (https://app.notion.com/p/Cardinal-Feather-31bf194d1a9381729381c954aeea4b0a?pvs=21)
Cedar Waxwing,n/a,Feather,Small Game Arrow,Cedar Waxwing Feather (https://app.notion.com/p/Cedar-Waxwing-Feather-31bf194d1a9381a0823df1ca9dc991c6?pvs=21)
Chicken,n/a,Feather,Small Game Arrow,Chicken Feather (https://app.notion.com/p/Chicken-Feather-31bf194d1a938127b6daf9f1234bd61c?pvs=21)
Collared Peccary Pig,Perfect,Pelt,Repeater,Perfect Collared Peccary Pig Pelt (https://app.notion.com/p/Perfect-Collared-Peccary-Pig-Pelt-31bf194d1a9381fd8402f111a63fb547?pvs=21)
Condor,n/a,Feather,Varmint Rifle,Condor Feather (https://app.notion.com/p/Condor-Feather-31bf194d1a9381a4a4a9e8edae80d202?pvs=21)
Cougar,"Legendary,Perfect","Fang,Pelt",Regular Rifle,"Legendary Cougar Fang (https://app.notion.com/p/Legendary-Cougar-Fang-31bf194d1a9381dab854cd60ec292d50?pvs=21), Legendary Cougar Pelt (https://app.notion.com/p/Legendary-Cougar-Pelt-31bf194d1a9381b3a5c5e4f3aea5679b?pvs=21), Perfect Cougar Pelt (https://app.notion.com/p/Perfect-Cougar-Pelt-31bf194d1a93819cac45c0148639e51d?pvs=21)"
Cow,Perfect,Hide,Sniper Rifle,Perfect Cow Hide (https://app.notion.com/p/Perfect-Cow-Hide-31bf194d1a9381c8aa6ff7e692b6fd76?pvs=21)
Coyote,"Legendary,Perfect","Fang,Pelt",Repeater,"Legendary Coyote Fang (https://app.notion.com/p/Legendary-Coyote-Fang-31bf194d1a9381babd35e52568fdfb7e?pvs=21), Legendary Coyote Pelt (https://app.notion.com/p/Legendary-Coyote-Pelt-31bf194d1a938119acb2e0132ca679ca?pvs=21), Perfect Coyote Pelt (https://app.notion.com/p/Perfect-Coyote-Pelt-31bf194d1a9381ed9cedf562a5c37144?pvs=21)"
Crow,n/a,Feather,Small Game Arrow,Crow Feather (https://app.notion.com/p/Crow-Feather-31bf194d1a93818d9573dd887896c549?pvs=21)
Deer,Perfect,Pelt,Regular Rifle,Perfect Deer Pelt (https://app.notion.com/p/Perfect-Deer-Pelt-31bf194d1a9381e49a23dcdd2056f19f?pvs=21)
Duck,n/a,Feather,Small Game Arrow,Duck Feather (https://app.notion.com/p/Duck-Feather-31bf194d1a9381cc9ed9f0762b6dc413?pvs=21)
Eagle,n/a,Feather,Varmint Rifle,Eagle Feather (https://app.notion.com/p/Eagle-Feather-31bf194d1a9381afa7a2cb96c728aec5?pvs=21)
Elk,"Legendary,Perfect,n/a","Antler,Pelt",Sniper Rifle,"Legendary Elk Antler (https://app.notion.com/p/Legendary-Elk-Antler-31bf194d1a9381959de3e316681ccb95?pvs=21), Legendary Elk Pelt (https://app.notion.com/p/Legendary-Elk-Pelt-31bf194d1a9381099f2ad1b6035071e5?pvs=21), Perfect Elk Pelt (https://app.notion.com/p/Perfect-Elk-Pelt-31bf194d1a9381a78a69dc4c82dc45c9?pvs=21), Elk Antler (https://app.notion.com/p/Elk-Antler-31bf194d1a93814b9b90ff13ed40dea8?pvs=21)"
Fox,"Legendary,Perfect","Claw,Pelt",Repeater,"Legendary Fox Claw (https://app.notion.com/p/Legendary-Fox-Claw-31bf194d1a93819ba596eee3eaffd7ec?pvs=21), Legendary Fox Pelt (https://app.notion.com/p/Legendary-Fox-Pelt-31bf194d1a93819fbfc5eb4ed9d5bfed?pvs=21), Perfect Fox Pelt (https://app.notion.com/p/Perfect-Fox-Pelt-31bf194d1a9381409cf6e3ae156ea4f5?pvs=21)"
Gila Monster,Perfect,Skin,Varmint Rifle,Perfect Gila Monster Skin (https://app.notion.com/p/Perfect-Gila-Monster-Skin-31bf194d1a9381cc9598f6dd029e0a8b?pvs=21)
Goat,Perfect,Hide,Regular Rifle,Perfect Goat Hide (https://app.notion.com/p/Perfect-Goat-Hide-31bf194d1a9381cc9ac4de70787471d2?pvs=21)
Goose,n/a,Feather,Varmint Rifle,Goose Feather (https://app.notion.com/p/Goose-Feather-31bf194d1a9381819079f425308081c6?pvs=21)
Hawk,n/a,Feather,Varmint Rifle,Hawk Feather (https://app.notion.com/p/Hawk-Feather-31bf194d1a9381e5912fe28d21ffe176?pvs=21)
Iguana,Perfect,Skin,Repeater,Perfect Iguana Skin (https://app.notion.com/p/Perfect-Iguana-Skin-31bf194d1a93812c8761d9921f60b9be?pvs=21)
Lion,n/a,Paw,Regular Rifle,Lion Paw (https://app.notion.com/p/Lion-Paw-31bf194d1a9381c48be3ca3984885118?pvs=21)
Loon,n/a,Feather,Small Game Arrow,Loon Feather (https://app.notion.com/p/Loon-Feather-31bf194d1a93813c8f0dcdcb602fc491?pvs=21)
Moose,"Legendary,Perfect,n/a","Antler,Pelt",Sniper Rifle,"Legendary Moose Antler (https://app.notion.com/p/Legendary-Moose-Antler-31bf194d1a9381dfb3eecd6d24915da8?pvs=21), Legendary Moose Pelt (https://app.notion.com/p/Legendary-Moose-Pelt-31bf194d1a93819ca12fd1ef767bda65?pvs=21), Perfect Moose Pelt (https://app.notion.com/p/Perfect-Moose-Pelt-31bf194d1a9381fba393d63a7a05229c?pvs=21), Moose Antler (https://app.notion.com/p/Moose-Antler-31bf194d1a93812984b8efc6366686c8?pvs=21)"
Muskrat,Perfect,Pelt,Varmint Rifle,Perfect Muskrat Pelt (https://app.notion.com/p/Perfect-Muskrat-Pelt-31bf194d1a93812db5a8da56c1f649b9?pvs=21)
Opossum,Perfect,Pelt,Varmint Rifle,Perfect Opossum Pelt (https://app.notion.com/p/Perfect-Opossum-Pelt-31bf194d1a9381d99f30e8c4fb8d0202?pvs=21)
Oriole,n/a,Feather,Small Game Arrow,Oriole Feather (https://app.notion.com/p/Oriole-Feather-31bf194d1a9381209116f4cbe8bc3c82?pvs=21)
Owl,n/a,Feather,Varmint Rifle,Owl Feather (https://app.notion.com/p/Owl-Feather-31bf194d1a9381839245dac0af82b2f8?pvs=21)
Ox,Perfect,Hide,Sniper Rifle,Perfect Ox Hide (https://app.notion.com/p/Perfect-Ox-Hide-31bf194d1a9381f08c8cfb89a179b9d1?pvs=21)
Panther,"Legendary,Perfect","Eye,Pelt",Regular Rifle,"Legendary Panther Eye (https://app.notion.com/p/Legendary-Panther-Eye-31bf194d1a938175b914c447de5e1afd?pvs=21), Legendary Panther Pelt (https://app.notion.com/p/Legendary-Panther-Pelt-31bf194d1a93815c861bd56c91590c6d?pvs=21), Perfect Panther Pelt (https://app.notion.com/p/Perfect-Panther-Pelt-31bf194d1a9381319886f8d10f92328b?pvs=21)"
Pheasant,n/a,Feather,Small Game Arrow,Pheasant Feather (https://app.notion.com/p/Pheasant-Feather-31bf194d1a938189b298fd4cf6e11232?pvs=21)
Pig,Perfect,Hide,Repeater,Perfect Pig Hide (https://app.notion.com/p/Perfect-Pig-Hide-31bf194d1a9381a5b519e164426042a6?pvs=21)
Pigeon,n/a,Feather,Small Game Arrow,Pigeon Feather (https://app.notion.com/p/Pigeon-Feather-31bf194d1a938116ae77dd40d1a30525?pvs=21)
Pronghorn,"Legendary,Perfect","Hide,Horn,Carcass",Regular Rifle,"Legendary Pronghorn Hide (https://app.notion.com/p/Legendary-Pronghorn-Hide-31bf194d1a9381078df5c810d3c6186d?pvs=21), Legendary Pronghorn Horn (https://app.notion.com/p/Legendary-Pronghorn-Horn-31bf194d1a9381cbb38cce6c0b0de721?pvs=21), Perfect Pronghorn Carcass (https://app.notion.com/p/Perfect-Pronghorn-Carcass-31bf194d1a9381c68903e30d5d2cb44d?pvs=21), Perfect Pronghorn Hide (https://app.notion.com/p/Perfect-Pronghorn-Hide-31bf194d1a93810285a1d96c34d15b19?pvs=21)"
Quail,n/a,Feather,Small Game Arrow,Quail Feather (https://app.notion.com/p/Quail-Feather-31bf194d1a9381fb965bf55b15ccd82b?pvs=21)
Rabbit,Perfect,Pelt,Varmint Rifle,Perfect Rabbit Pelt (https://app.notion.com/p/Perfect-Rabbit-Pelt-31bf194d1a9381eb9efcd48666f7cf3d?pvs=21)
Raccoon,Perfect,Pelt,Varmint Rifle,Perfect Raccoon Pelt (https://app.notion.com/p/Perfect-Raccoon-Pelt-31bf194d1a938177a2e2cdbe9130fb9f?pvs=21)
Ram,"Legendary,Perfect","Hide,Horn,Carcass",Regular Rifle,"Legendary Ram Hide (https://app.notion.com/p/Legendary-Ram-Hide-31bf194d1a9381e7a905f90239d7d990?pvs=21), Legendary Ram Horn (https://app.notion.com/p/Legendary-Ram-Horn-31bf194d1a9381459747cc429c6c48d1?pvs=21), Perfect Ram Carcass (https://app.notion.com/p/Perfect-Ram-Carcass-31bf194d1a9381c5aecfc14ad9f2db01?pvs=21), Perfect Ram Hide (https://app.notion.com/p/Perfect-Ram-Hide-31bf194d1a9381e496f0d57e8c2883df?pvs=21)"
Rat,Perfect,Pelt,Small Game Arrow,Perfect Rat Pelt (https://app.notion.com/p/Perfect-Rat-Pelt-31bf194d1a93811a90a1d368492c1a4a?pvs=21)
Raven,n/a,Feather,Small Game Arrow,Raven Feather (https://app.notion.com/p/Raven-Feather-31bf194d1a938129943bda42d9d150f4?pvs=21)
Robin,n/a,Feather,Small Game Arrow,Robin Feather (https://app.notion.com/p/Robin-Feather-31bf194d1a9381bcbeb8f832bdd21ebd?pvs=21)
Rooster,n/a,Feather,Small Game Arrow,Rooster Feather (https://app.notion.com/p/Rooster-Feather-31bf194d1a938103b373c6e0d8256bfa?pvs=21)
Seagull,n/a,Feather,Small Game Arrow,Seagull Feather (https://app.notion.com/p/Seagull-Feather-31bf194d1a9381ecbbd6e9b50c2e4b1b?pvs=21)
Sheep,Perfect,Hide,Regular Arrow,Perfect Sheep Hide (https://app.notion.com/p/Perfect-Sheep-Hide-31bf194d1a9381c89e9eef041ea10dcc?pvs=21)
Skunk,Perfect,Pelt,Varmint Rifle,Perfect Skunk Pelt (https://app.notion.com/p/Perfect-Skunk-Pelt-31bf194d1a9381898ab3eac47ceb97cf?pvs=21)
Snake,Perfect,Skin,Small Game Arrow,Perfect Snake Skin (https://app.notion.com/p/Perfect-Snake-Skin-31bf194d1a938172b579f952611168e3?pvs=21)
Songbird,n/a,Feather,Small Game Arrow,Songbird Feather (https://app.notion.com/p/Songbird-Feather-31bf194d1a93815782dfc8970dc773b9?pvs=21)
Sparrow,n/a,Feather,Small Game Arrow,Sparrow Feather (https://app.notion.com/p/Sparrow-Feather-31bf194d1a93811fb3a4d4a574614730?pvs=21)
Squirrel,Perfect,Pelt,Small Game Arrow,Perfect Squirrel Pelt (https://app.notion.com/p/Perfect-Squirrel-Pelt-31bf194d1a9381d9ab4ec9c63e0a47af?pvs=21)
Tatanka Bison,Legendary,"Horn,Pelt",Sniper Rifle,"Legendary Tatanka Bison Horn (https://app.notion.com/p/Legendary-Tatanka-Bison-Horn-31bf194d1a938126a8abe8475b2c37d9?pvs=21), Legendary Tatanka Bison Pelt (https://app.notion.com/p/Legendary-Tatanka-Bison-Pelt-31bf194d1a9381f2a655f1fda506e414?pvs=21)"
Turkey,n/a,Feather,Varmint Rifle,Turkey Feather (https://app.notion.com/p/Turkey-Feather-31bf194d1a93812c9fb8c07a1b958255?pvs=21)
Vulture,n/a,Feather,Varmint Rifle,Vulture Feather (https://app.notion.com/p/Vulture-Feather-31bf194d1a938176be4eeaa3c5fda8e3?pvs=21)
White Bison,Legendary,Pelt,Sniper Rifle,Legendary White Bison Pelt (https://app.notion.com/p/Legendary-White-Bison-Pelt-31bf194d1a938101a115e3d07cc1af25?pvs=21)
Wolf,"Legendary,Perfect","Heart,Pelt,Carcass",Regular Rifle,"Legendary Wolf Heart (https://app.notion.com/p/Legendary-Wolf-Heart-31bf194d1a938108abfefb75e5190a52?pvs=21), Legendary Wolf Pelt (https://app.notion.com/p/Legendary-Wolf-Pelt-31bf194d1a9381a9a514fde93cde58fd?pvs=21), Perfect Wolf Carcass (https://app.notion.com/p/Perfect-Wolf-Carcass-31bf194d1a9381a097bbe1b7ea840cb2?pvs=21), Perfect Wolf Pelt (https://app.notion.com/p/Perfect-Wolf-Pelt-31bf194d1a938167be3cf65c92c36ee9?pvs=21)"
Woodpecker,n/a,Feather,Small Game Arrow,Woodpecker Feather (https://app.notion.com/p/Woodpecker-Feather-31bf194d1a9381919014de5dad6082bd?pvs=21)