Material Name,Quality,Animals,Body Part,Needed for Trapper,Needed for Fence,Needed for Pearson,Total Needed,Craftable Items Rollup,Weapons Text,Display Card
Legendary Alligator Skin,Legendary,Alligator (https://app.notion.com/p/Alligator-31bf194d1a938186b03ede105097f859?pvs=21),Skin,3,0,0,3,"https://app.notion.com/31bf194d1a938190884dd770d01883cc,https://app.notion.com/31bf194d1a938147b1c7d01dc9a6c945,https://app.notion.com/31bf194d1a9381988c07ccf8a8687a7b",🎯 Bring your Sniper Rifle,Trapper needs: 3
Legendary Alligator Tooth,Legendary,Alligator (https://app.notion.com/p/Alligator-31bf194d1a938186b03ede105097f859?pvs=21),Tooth,0,1,0,1,https://app.notion.com/31bf194d1a93814a8149e42c5bd8bd02,🎯 Bring your Sniper Rifle,Fence needs: 1
Perfect Alligator Skin,Perfect,Alligator (https://app.notion.com/p/Alligator-31bf194d1a938186b03ede105097f859?pvs=21),Skin,1,0,1,2,"https://app.notion.com/31bf194d1a9381aab7efd5519a72bb22,https://app.notion.com/31bf194d1a93818585f4fa8ecc3f2f1f",🎯 Bring your Sniper Rifle,"Pearson needs: 1
Trapper needs: 1"
Perfect Armadillo Skin,Perfect,Armadillo (https://app.notion.com/p/Armadillo-31bf194d1a93818c85a3d5c6f34096c7?pvs=21),Skin,2,0,0,2,https://app.notion.com/31bf194d1a93818f9b41c50d53b1cb6b,🎯 Bring your Varmint Rifle,Trapper needs: 2
Perfect Badger Pelt,Perfect,Badger (https://app.notion.com/p/Badger-31bf194d1a9381f4af6ed71e5549bdbf?pvs=21),Pelt,2,0,1,3,"https://app.notion.com/31bf194d1a938155b70fde53367d2565,https://app.notion.com/31bf194d1a938135b3b6ffabe20419e3,https://app.notion.com/31bf194d1a938194b800e37f53fe4b65",🎯 Bring your Varmint Rifle,"Pearson needs: 1
Trapper needs: 2"
Legendary Bear Claw,Legendary,Bear (https://app.notion.com/p/Bear-31bf194d1a93810fa82ae1e0bf3408ee?pvs=21),Claw,0,1,0,1,https://app.notion.com/31bf194d1a93811bae95ce0b832bfd01,🎯 Bring your Sniper Rifle,Fence needs: 1
Legendary Bear Pelt,Legendary,Bear (https://app.notion.com/p/Bear-31bf194d1a93810fa82ae1e0bf3408ee?pvs=21),Pelt,3,0,0,3,"https://app.notion.com/31bf194d1a9381bf8f27e6bc4db78bbf,https://app.notion.com/31bf194d1a93817ea627ee86a5b8c81a,https://app.notion.com/31bf194d1a9381489b6ed0325c82719d",🎯 Bring your Sniper Rifle,Trapper needs: 3
Perfect Bear Pelt,Perfect,Bear (https://app.notion.com/p/Bear-31bf194d1a93810fa82ae1e0bf3408ee?pvs=21),Pelt,2,0,0,2,"https://app.notion.com/31bf194d1a9381739fa1c78bf34cc568,https://app.notion.com/31bf194d1a93815c87efe8b17791f4ec",🎯 Bring your Sniper Rifle,Trapper needs: 2
Legendary Beaver Pelt,Legendary,Beaver (https://app.notion.com/p/Beaver-31bf194d1a93815bac57d702eaf4d04f?pvs=21),Pelt,2,0,0,2,"https://app.notion.com/31bf194d1a9381dda8bdc3b537200c85,https://app.notion.com/31bf194d1a9381429da3f65ce86e4788",🎯 Bring your Repeater,Trapper needs: 2
Legendary Beaver Tooth,Legendary,Beaver (https://app.notion.com/p/Beaver-31bf194d1a93815bac57d702eaf4d04f?pvs=21),Tooth,0,1,0,1,https://app.notion.com/31bf194d1a93817bb964de37fa94e0fc,🎯 Bring your Repeater,Fence needs: 1
Perfect Beaver Pelt,Perfect,Beaver (https://app.notion.com/p/Beaver-31bf194d1a93815bac57d702eaf4d04f?pvs=21),Pelt,8,0,2,10,"https://app.notion.com/31bf194d1a93815a9a27e3e58346bf9a,https://app.notion.com/31bf194d1a9381cba165cdb8116820e8,https://app.notion.com/31bf194d1a93819aa45cdf5dc9469831,https://app.notion.com/31bf194d1a93813ca40fe2fb01264ec6,https://app.notion.com/31bf194d1a938198b596f1dd483cb3d4,https://app.notion.com/31bf194d1a9381b4a98ddb9dfc2d0690,https://app.notion.com/31bf194d1a93815cae3ef93d132e534a,https://app.notion.com/31bf194d1a93818f8f43e2ac6a0bfec6,https://app.notion.com/31bf194d1a9381779841c2edee64d4ed",🎯 Bring your Repeater,"Pearson needs: 2
Trapper needs: 8"
Legendary Bison Horn,Legendary,Bison (https://app.notion.com/p/Bison-31bf194d1a9381a7b142cda99973ffb1?pvs=21),Horn,0,1,0,1,https://app.notion.com/31bf194d1a93816bb898f6ca55d1e0fd,🎯 Bring your Sniper Rifle,Fence needs: 1
Perfect Bison Pelt,Perfect,Bison (https://app.notion.com/p/Bison-31bf194d1a9381a7b142cda99973ffb1?pvs=21),Pelt,3,0,1,4,"https://app.notion.com/31bf194d1a93819eaa40c8448b27fc1f,https://app.notion.com/31bf194d1a93810cb4c3c52c0e2e61b3,https://app.notion.com/31bf194d1a9381489b6ed0325c82719d,https://app.notion.com/31bf194d1a9381898864d9fc5aee4d67",🎯 Bring your Sniper Rifle,"Pearson needs: 1
Trapper needs: 3"
Perfect Black Bear Pelt,Perfect,Black Bear (https://app.notion.com/p/Black-Bear-31bf194d1a9381b0bab8e709f960c58f?pvs=21),Pelt,3,0,0,3,"https://app.notion.com/31bf194d1a9381229954cbd365cee308,https://app.notion.com/31bf194d1a9381c68016c2afeab62049,https://app.notion.com/31bf194d1a938112af8ced8be88fb447",🎯 Bring your Sniper Rifle,Trapper needs: 3
Blue Jay Feather,n/a,Blue Jay (https://app.notion.com/p/Blue-Jay-31bf194d1a938168a35aed802dde5d1a?pvs=21),Feather,3,0,0,3,https://app.notion.com/31bf194d1a93814cbf1ff8c649107120,🎯 Bring your Small Game Arrow,Trapper needs: 3
Legendary Boar Pelt,Legendary,Boar (https://app.notion.com/p/Boar-31bf194d1a938115a585e369a4bad5d9?pvs=21),Pelt,2,0,0,2,"https://app.notion.com/31bf194d1a9381429da3f65ce86e4788,https://app.notion.com/31bf194d1a9381f1af15c0922ffbfd7c",🎯 Bring your Regular Rifle,Trapper needs: 2
Legendary Boar Tusk,Legendary,Boar (https://app.notion.com/p/Boar-31bf194d1a938115a585e369a4bad5d9?pvs=21),Tusk,0,1,0,1,https://app.notion.com/31bf194d1a9381c2b99ff69845b490c4,🎯 Bring your Regular Rifle,Fence needs: 1
Perfect Boar Pelt,Perfect,Boar (https://app.notion.com/p/Boar-31bf194d1a938115a585e369a4bad5d9?pvs=21),Pelt,10,0,6,16,"https://app.notion.com/31bf194d1a938194a65ac0f54d8e1ef8,https://app.notion.com/31bf194d1a9381cb86b6f69e6f896d8a,https://app.notion.com/31bf194d1a93812d93c4d7207ee60ded,https://app.notion.com/31bf194d1a9381ba8813f01e91d4999d,https://app.notion.com/31bf194d1a9381eda96effa4c9636d2c,https://app.notion.com/31bf194d1a938142ba64f076aeb80bff,https://app.notion.com/31bf194d1a9381a88a3fcc01e67284fb,https://app.notion.com/31bf194d1a9381f2b958ff996c8af86a,https://app.notion.com/31bf194d1a9381bebde6d5e4b3057880,https://app.notion.com/31bf194d1a938109a058e7aa0176b40f,https://app.notion.com/31bf194d1a93818da415eb60a2144ab9,https://app.notion.com/31bf194d1a93818fb760d3298bb4cef4",🎯 Bring your Regular Rifle,"Pearson needs: 6
Trapper needs: 10"
Legendary Buck Antler,Legendary,Buck (https://app.notion.com/p/Buck-31bf194d1a9381b4a144f12d972c306b?pvs=21),Antler,0,1,0,1,https://app.notion.com/31bf194d1a9381c38681d6c6ee6c97f9,🎯 Bring your Regular Rifle,Fence needs: 1
Legendary Buck Pelt,Legendary,Buck (https://app.notion.com/p/Buck-31bf194d1a9381b4a144f12d972c306b?pvs=21),Pelt,2,0,0,2,"https://app.notion.com/31bf194d1a93818baa19c8306abbadef,https://app.notion.com/31bf194d1a93818482e6e2ae5876441a",🎯 Bring your Regular Rifle,Trapper needs: 2
Perfect Buck Pelt,Perfect,Buck (https://app.notion.com/p/Buck-31bf194d1a9381b4a144f12d972c306b?pvs=21),Pelt,4,0,1,5,"https://app.notion.com/31bf194d1a9381d1a8eaec2d025bba8f,https://app.notion.com/31bf194d1a9381bc8b82eed7d616ddc4,https://app.notion.com/31bf194d1a9381868154ff52061c2f80,https://app.notion.com/31bf194d1a9381b4a98ddb9dfc2d0690,https://app.notion.com/31bf194d1a93814ab931d2fcce626ff4",🎯 Bring your Regular Rifle,"Pearson needs: 1
Trapper needs: 4"
Buck Antler,n/a,Buck (https://app.notion.com/p/Buck-31bf194d1a9381b4a144f12d972c306b?pvs=21),Antler,0,0,1,1,https://app.notion.com/31bf194d1a938139b7a0f7dc92075af4,🎯 Bring your Regular Rifle,Pearson needs: 1
Perfect Bull Hide,Perfect,Bull (https://app.notion.com/p/Bull-31bf194d1a9381809fe5fb1c01235623?pvs=21),Hide,3,0,0,3,"https://app.notion.com/31bf194d1a93813cae8df847e968168e,https://app.notion.com/31bf194d1a93817ea627ee86a5b8c81a,https://app.notion.com/31bf194d1a9381bebde6d5e4b3057880",🎯 Bring your Sniper Rifle,Trapper needs: 3
Cardinal Feather,n/a,Cardinal (https://app.notion.com/p/Cardinal-31bf194d1a9381f78019d1cd173be9c4?pvs=21),Feather,3,0,0,3,"https://app.notion.com/31bf194d1a93811184bdc9912e262893,https://app.notion.com/31bf194d1a9381429da3f65ce86e4788",🎯 Bring your Small Game Arrow,Trapper needs: 3
Cedar Waxwing Feather,n/a,Cedar Waxwing (https://app.notion.com/p/Cedar-Waxwing-31bf194d1a938185937aefddd82f2b27?pvs=21),Feather,2,0,0,2,https://app.notion.com/31bf194d1a93814cbf1ff8c649107120,🎯 Bring your Small Game Arrow,Trapper needs: 2
Chicken Feather,n/a,Chicken (https://app.notion.com/p/Chicken-31bf194d1a9381af8211f1cba0f1f9e7?pvs=21),Feather,4,0,0,4,"https://app.notion.com/31bf194d1a9381878be0d28de2f5b20a,https://app.notion.com/31bf194d1a93818fb0c7d0b3a24c1713",🎯 Bring your Small Game Arrow,Trapper needs: 4
Perfect Collared Peccary Pig Pelt,Perfect,Collared Peccary Pig (https://app.notion.com/p/Collared-Peccary-Pig-31bf194d1a93811eb985dd80b834268b?pvs=21),Pelt,4,0,0,4,"https://app.notion.com/31bf194d1a9381e68f05e3fb41580b82,https://app.notion.com/31bf194d1a9381d6acaaf51d4398702d,https://app.notion.com/31bf194d1a938175a03ee2de3c4753f3",🎯 Bring your Repeater,Trapper needs: 4
Condor Feather,n/a,Condor (https://app.notion.com/p/Condor-31bf194d1a93810492c6d0c08e1cc260?pvs=21),Feather,1,0,0,1,https://app.notion.com/31bf194d1a9381eba72ec2e6c9e36bda,🎯 Bring your Varmint Rifle,Trapper needs: 1
Legendary Cougar Fang,Legendary,Cougar (https://app.notion.com/p/Cougar-31bf194d1a938153a7f2edfd964d9eee?pvs=21),Fang,0,1,0,1,https://app.notion.com/31bf194d1a938164aab0e394acd9d2ab,🎯 Bring your Regular Rifle,Fence needs: 1
Legendary Cougar Pelt,Legendary,Cougar (https://app.notion.com/p/Cougar-31bf194d1a938153a7f2edfd964d9eee?pvs=21),Pelt,3,0,0,3,"https://app.notion.com/31bf194d1a9381bd9609cb50d2645bb5,https://app.notion.com/31bf194d1a9381e7a7a8cada27544f8f,https://app.notion.com/31bf194d1a9381ba8813f01e91d4999d",🎯 Bring your Regular Rifle,Trapper needs: 3
Perfect Cougar Pelt,Perfect,Cougar (https://app.notion.com/p/Cougar-31bf194d1a938153a7f2edfd964d9eee?pvs=21),Pelt,4,0,3,7,"https://app.notion.com/31bf194d1a93818fa4d8fb20fa2ce41d,https://app.notion.com/31bf194d1a938144a25cc9ee803a8fb5,https://app.notion.com/31bf194d1a9381bd9c02fc4bbbc58359,https://app.notion.com/31bf194d1a938112af8ced8be88fb447,https://app.notion.com/31bf194d1a938151be87d99138b643aa",🎯 Bring your Regular Rifle,"Pearson needs: 3
Trapper needs: 4"
Perfect Cow Hide,Perfect,Cow (https://app.notion.com/p/Cow-31bf194d1a93817a9a02cf3ab1b6c3f8?pvs=21),Hide,5,0,1,6,"https://app.notion.com/31bf194d1a9381cba165cdb8116820e8,https://app.notion.com/31bf194d1a93810b83b6e73836a296ca,https://app.notion.com/31bf194d1a938122ba1ffbeb8754b9d1,https://app.notion.com/31bf194d1a93812ca3ebd9a43b62bb2e,https://app.notion.com/31bf194d1a938183ae12f10ee9e3ac00,https://app.notion.com/31bf194d1a9381bca0d5f833937c22ae",🎯 Bring your Sniper Rifle,"Pearson needs: 1
Trapper needs: 5"
Legendary Coyote Fang,Legendary,Coyote (https://app.notion.com/p/Coyote-31bf194d1a93815280f0f8e58cd46a97?pvs=21),Fang,0,1,0,1,https://app.notion.com/31bf194d1a93814cba72e7ecd5739401,🎯 Bring your Repeater,Fence needs: 1
Legendary Coyote Pelt,Legendary,Coyote (https://app.notion.com/p/Coyote-31bf194d1a93815280f0f8e58cd46a97?pvs=21),Pelt,2,0,0,2,"https://app.notion.com/31bf194d1a9381ed9da8e7d678365dc8,https://app.notion.com/31bf194d1a938153a6a9cec388eb72df",🎯 Bring your Repeater,Trapper needs: 2
Perfect Coyote Pelt,Perfect,Coyote (https://app.notion.com/p/Coyote-31bf194d1a93815280f0f8e58cd46a97?pvs=21),Pelt,3,0,0,3,"https://app.notion.com/31bf194d1a9381c8afa0cbc90a6e5fde,https://app.notion.com/31bf194d1a9381a1944af09a0e361eb0",🎯 Bring your Repeater,Trapper needs: 3
Crow Feather,n/a,Crow (https://app.notion.com/p/Crow-31bf194d1a9381008a61c8770e2f98f7?pvs=21),Feather,2,0,0,2,https://app.notion.com/31bf194d1a93811184bdc9912e262893,🎯 Bring your Small Game Arrow,Trapper needs: 2
Perfect Deer Pelt,Perfect,Deer (https://app.notion.com/p/Deer-31bf194d1a938171af19cdf43ebaa9c8?pvs=21),Pelt,5,0,7,12,"https://app.notion.com/31bf194d1a938194ad6eee2ff0c9193b,https://app.notion.com/31bf194d1a938144a25cc9ee803a8fb5,https://app.notion.com/31bf194d1a93810b83b6e73836a296ca,https://app.notion.com/31bf194d1a9381eda96effa4c9636d2c,https://app.notion.com/31bf194d1a93811c94a8f1ab8edd4e76,https://app.notion.com/31bf194d1a9381f9b6ade5b12dc5f1d6,https://app.notion.com/31bf194d1a938139bc3efbec16d2be0a,https://app.notion.com/31bf194d1a93814ab931d2fcce626ff4,https://app.notion.com/31bf194d1a938194b800e37f53fe4b65,https://app.notion.com/31bf194d1a9381b4a25ac20f1e61dfcb,https://app.notion.com/31bf194d1a9381898864d9fc5aee4d67,https://app.notion.com/31bf194d1a93818f8f43e2ac6a0bfec6",🎯 Bring your Regular Rifle,"Pearson needs: 7
Trapper needs: 5"
Duck Feather,n/a,Duck (https://app.notion.com/p/Duck-31bf194d1a9381c2bf77e5b5faef3188?pvs=21),Feather,3,0,0,3,https://app.notion.com/31bf194d1a9381878be0d28de2f5b20a,🎯 Bring your Small Game Arrow,Trapper needs: 3
Eagle Feather,n/a,Eagle (https://app.notion.com/p/Eagle-31bf194d1a93818b99ebff7ce8cfcae8?pvs=21),Feather,4,0,0,4,"https://app.notion.com/31bf194d1a938153a6a9cec388eb72df,https://app.notion.com/31bf194d1a93819b904bf7ca2609d013",🎯 Bring your Varmint Rifle,Trapper needs: 4
Legendary Elk Antler,Legendary,Elk (https://app.notion.com/p/Elk-31bf194d1a938179b27fe517d7f4182a?pvs=21),Antler,0,1,0,1,https://app.notion.com/31bf194d1a93816d8337c7bebb4c4941,🎯 Bring your Sniper Rifle,Fence needs: 1
Legendary Elk Pelt,Legendary,Elk (https://app.notion.com/p/Elk-31bf194d1a938179b27fe517d7f4182a?pvs=21),Pelt,3,0,0,3,"https://app.notion.com/31bf194d1a9381d99e25fb08b29c6974,https://app.notion.com/31bf194d1a938113a3b0ffce8d004630,https://app.notion.com/31bf194d1a938110b772cca8cd106ddc",🎯 Bring your Sniper Rifle,Trapper needs: 3
Perfect Elk Pelt,Perfect,Elk (https://app.notion.com/p/Elk-31bf194d1a938179b27fe517d7f4182a?pvs=21),Pelt,5,0,2,7,"https://app.notion.com/31bf194d1a93818ca3e2e6d3ada2dedc,https://app.notion.com/31bf194d1a938179811df1a8980121c0,https://app.notion.com/31bf194d1a93818282c0dab7d197db79,https://app.notion.com/31bf194d1a93814fa64bf691e8d4ff81,https://app.notion.com/31bf194d1a9381a583a2f1859e749e9d,https://app.notion.com/31bf194d1a93814ab931d2fcce626ff4,https://app.notion.com/31bf194d1a9381b4a25ac20f1e61dfcb",🎯 Bring your Sniper Rifle,"Pearson needs: 2
Trapper needs: 5"
Elk Antler,n/a,Elk (https://app.notion.com/p/Elk-31bf194d1a938179b27fe517d7f4182a?pvs=21),Antler,0,0,1,1,https://app.notion.com/31bf194d1a9381409cf0e876bb976da8,🎯 Bring your Sniper Rifle,Pearson needs: 1
Legendary Fox Claw,Legendary,Fox (https://app.notion.com/p/Fox-31bf194d1a9381e69525f3b83e97e44d?pvs=21),Claw,0,1,0,1,https://app.notion.com/31bf194d1a9381d1b3a3df72b04df3a3,🎯 Bring your Repeater,Fence needs: 1
Legendary Fox Pelt,Legendary,Fox (https://app.notion.com/p/Fox-31bf194d1a9381e69525f3b83e97e44d?pvs=21),Pelt,2,0,0,2,"https://app.notion.com/31bf194d1a9381a583a2f1859e749e9d,https://app.notion.com/31bf194d1a93818482e6e2ae5876441a",🎯 Bring your Repeater,Trapper needs: 2
Perfect Fox Pelt,Perfect,Fox (https://app.notion.com/p/Fox-31bf194d1a9381e69525f3b83e97e44d?pvs=21),Pelt,3,0,1,4,"https://app.notion.com/31bf194d1a9381ed9da8e7d678365dc8,https://app.notion.com/31bf194d1a93814bb9d5f618ebe28bda,https://app.notion.com/31bf194d1a9381779841c2edee64d4ed",🎯 Bring your Repeater,"Pearson needs: 1
Trapper needs: 3"
Perfect Gila Monster Skin,Perfect,Gila Monster (https://app.notion.com/p/Gila-Monster-31bf194d1a93817783d2fec50ae1ecaa?pvs=21),Skin,2,0,0,2,"https://app.notion.com/31bf194d1a93811bafbcf23b45eae714,https://app.notion.com/31bf194d1a93818282c0dab7d197db79",🎯 Bring your Varmint Rifle,Trapper needs: 2
Perfect Goat Hide,Perfect,Goat (https://app.notion.com/p/Goat-31bf194d1a938118b4adc89a0efe9d93?pvs=21),Hide,7,0,2,9,"https://app.notion.com/31bf194d1a93818f9b41c50d53b1cb6b,https://app.notion.com/31bf194d1a9381b3b21cf4e227b38c91,https://app.notion.com/31bf194d1a938135a190e48d3a9f622c,https://app.notion.com/31bf194d1a938113a3b0ffce8d004630,https://app.notion.com/31bf194d1a9381e78bbcd39e0c9c11b9,https://app.notion.com/31bf194d1a938168900ec43048844262,https://app.notion.com/31bf194d1a93814aaca5fd6d533ca513,https://app.notion.com/31bf194d1a9381bca0d5f833937c22ae",🎯 Bring your Regular Rifle,"Pearson needs: 2
Trapper needs: 7"
Goose Feather,n/a,Goose (https://app.notion.com/p/Goose-31bf194d1a93811abcedf140d0f48b1d?pvs=21),Feather,2,0,0,2,https://app.notion.com/31bf194d1a93818fb0c7d0b3a24c1713,🎯 Bring your Varmint Rifle,Trapper needs: 2
Hawk Feather,n/a,Hawk (https://app.notion.com/p/Hawk-31bf194d1a9381eda95ec8eb9b19b0a7?pvs=21),Feather,3,0,0,3,"https://app.notion.com/31bf194d1a9381a88a3fcc01e67284fb,https://app.notion.com/31bf194d1a93813ca40fe2fb01264ec6",🎯 Bring your Varmint Rifle,Trapper needs: 3
Perfect Iguana Skin,Perfect,Iguana (https://app.notion.com/p/Iguana-31bf194d1a93810eac83f4768bc8c03f?pvs=21),Skin,3,0,1,4,"https://app.notion.com/31bf194d1a9381e68f05e3fb41580b82,https://app.notion.com/31bf194d1a9381eda96effa4c9636d2c,https://app.notion.com/31bf194d1a938183ae12f10ee9e3ac00",🎯 Bring your Repeater,"Pearson needs: 1
Trapper needs: 3"
Lion Paw,n/a,Lion (https://app.notion.com/p/Lion-31bf194d1a938199ac07d0c7b0999212?pvs=21),Paw,0,1,0,1,https://app.notion.com/31bf194d1a938112980bf93ee3762baa,🎯 Bring your Regular Rifle,Fence needs: 1
Loon Feather,n/a,Loon (https://app.notion.com/p/Loon-31bf194d1a93815d899eff83fcda5743?pvs=21),Feather,2,0,0,2,https://app.notion.com/31bf194d1a9381eba72ec2e6c9e36bda,🎯 Bring your Small Game Arrow,Trapper needs: 2
Legendary Moose Antler,Legendary,Moose (https://app.notion.com/p/Moose-31bf194d1a9381058c1acfd7261812a2?pvs=21),Antler,0,1,0,1,https://app.notion.com/31bf194d1a938186b207c8dafc505a27,🎯 Bring your Sniper Rifle,Fence needs: 1
Legendary Moose Pelt,Legendary,Moose (https://app.notion.com/p/Moose-31bf194d1a9381058c1acfd7261812a2?pvs=21),Pelt,2,0,0,2,"https://app.notion.com/31bf194d1a93812ca3ebd9a43b62bb2e,https://app.notion.com/31bf194d1a9381e286cbd11ec3a77b47",🎯 Bring your Sniper Rifle,Trapper needs: 2
Perfect Moose Pelt,Perfect,Moose (https://app.notion.com/p/Moose-31bf194d1a9381058c1acfd7261812a2?pvs=21),Pelt,4,0,0,4,"https://app.notion.com/31bf194d1a93813ca032ec23f5a2c8fb,https://app.notion.com/31bf194d1a9381faa03af8f84fc20803,https://app.notion.com/31bf194d1a9381f0a6bdd5836673d6da,https://app.notion.com/31bf194d1a9381c89729c5e957e1710e",🎯 Bring your Sniper Rifle,Trapper needs: 4
Moose Antler,n/a,Moose (https://app.notion.com/p/Moose-31bf194d1a9381058c1acfd7261812a2?pvs=21),Antler,0,0,1,1,https://app.notion.com/31bf194d1a93818b9ae6cff92ec89937,🎯 Bring your Sniper Rifle,Pearson needs: 1
Perfect Muskrat Pelt,Perfect,Muskrat (https://app.notion.com/p/Muskrat-31bf194d1a9381bfa664d81787603ad1?pvs=21),Pelt,7,0,1,8,"https://app.notion.com/31bf194d1a9381c6bdacfc19187949de,https://app.notion.com/31bf194d1a9381779841c2edee64d4ed,https://app.notion.com/31bf194d1a9381b896d8ceae2386da5d,https://app.notion.com/31bf194d1a9381729809f8d95a894010,https://app.notion.com/31bf194d1a9381d18c58c84df6021a6b,https://app.notion.com/31bf194d1a938198b596f1dd483cb3d4",🎯 Bring your Varmint Rifle,"Pearson needs: 1
Trapper needs: 7"
Perfect Opossum Pelt,Perfect,Opossum (https://app.notion.com/p/Opossum-31bf194d1a9381b98257cb6c92eec13d?pvs=21),Pelt,4,0,0,4,https://app.notion.com/31bf194d1a93813bb8e7f8b7c5d166f1,🎯 Bring your Varmint Rifle,Trapper needs: 4
Oriole Feather,n/a,Oriole (https://app.notion.com/p/Oriole-31bf194d1a9381f1bffffd19de157481?pvs=21),Feather,5,0,0,5,"https://app.notion.com/31bf194d1a93810cb4c3c52c0e2e61b3,https://app.notion.com/31bf194d1a9381e496b3e6a9e64febfd",🎯 Bring your Small Game Arrow,Trapper needs: 5
Owl Feather,n/a,Owl (https://app.notion.com/p/Owl-31bf194d1a938106bd75ecb569c0f207?pvs=21),Feather,1,0,0,1,https://app.notion.com/31bf194d1a93818995d7fe451244d591,🎯 Bring your Varmint Rifle,Trapper needs: 1
Perfect Ox Hide,Perfect,Ox (https://app.notion.com/p/Ox-31bf194d1a9381479e47ee25ac63b561?pvs=21),Hide,3,0,2,5,"https://app.notion.com/31bf194d1a93810e8b7bc8a75e7b2faf,https://app.notion.com/31bf194d1a9381208deccbb33b57b2a9,https://app.notion.com/31bf194d1a9381a1944af09a0e361eb0,https://app.notion.com/31bf194d1a93818da415eb60a2144ab9",🎯 Bring your Sniper Rifle,"Pearson needs: 2
Trapper needs: 3"
Legendary Panther Eye,Legendary,Panther (https://app.notion.com/p/Panther-31bf194d1a9381cc9ecee559bd15cef4?pvs=21),Eye,0,1,0,1,https://app.notion.com/31bf194d1a9381da8564cc1149040e04,🎯 Bring your Regular Rifle,Fence needs: 1
Legendary Panther Pelt,Legendary,Panther (https://app.notion.com/p/Panther-31bf194d1a9381cc9ecee559bd15cef4?pvs=21),Pelt,2,0,0,2,"https://app.notion.com/31bf194d1a93811bafbcf23b45eae714,https://app.notion.com/31bf194d1a93819bbeb5f13a7560bc5a",🎯 Bring your Regular Rifle,Trapper needs: 2
Perfect Panther Pelt,Perfect,Panther (https://app.notion.com/p/Panther-31bf194d1a9381cc9ecee559bd15cef4?pvs=21),Pelt,3,0,1,4,"https://app.notion.com/31bf194d1a93818e893cf12474a71f69,https://app.notion.com/31bf194d1a9381e78bbcd39e0c9c11b9,https://app.notion.com/31bf194d1a9381fa8046fb5d920d5b29,https://app.notion.com/31bf194d1a9381b4a25ac20f1e61dfcb",🎯 Bring your Regular Rifle,"Pearson needs: 1
Trapper needs: 3"
Pheasant Feather,n/a,Pheasant (https://app.notion.com/p/Pheasant-31bf194d1a938184b5d0d48408381707?pvs=21),Feather,2,0,0,2,"https://app.notion.com/31bf194d1a9381769f50fca3391519be,https://app.notion.com/31bf194d1a93818995d7fe451244d591",🎯 Bring your Small Game Arrow,Trapper needs: 2
Perfect Pig Hide,Perfect,Pig (https://app.notion.com/p/Pig-31bf194d1a938186bcc5d3b9ff65479f?pvs=21),Hide,2,0,0,2,"https://app.notion.com/31bf194d1a93816abe40f2c259f60ae6,https://app.notion.com/31bf194d1a93813ab0f0c727532f7179",🎯 Bring your Repeater,Trapper needs: 2
Pigeon Feather,n/a,Pigeon (https://app.notion.com/p/Pigeon-31bf194d1a9381c081b6e1c409b9431f?pvs=21),Feather,2,0,0,2,https://app.notion.com/31bf194d1a93819b904bf7ca2609d013,🎯 Bring your Small Game Arrow,Trapper needs: 2
Legendary Pronghorn Hide,Legendary,Pronghorn (https://app.notion.com/p/Pronghorn-31bf194d1a9381fc8d63f11ed6d5d016?pvs=21),Hide,2,0,0,2,"https://app.notion.com/31bf194d1a9381b896d8ceae2386da5d,https://app.notion.com/31bf194d1a9381f0a6bdd5836673d6da",🎯 Bring your Regular Rifle,Trapper needs: 2
Legendary Pronghorn Horn,Legendary,Pronghorn (https://app.notion.com/p/Pronghorn-31bf194d1a9381fc8d63f11ed6d5d016?pvs=21),Horn,0,1,0,1,https://app.notion.com/31bf194d1a938182be64d8e8bf6aaf2e,🎯 Bring your Regular Rifle,Fence needs: 1
Perfect Pronghorn Carcass,Perfect,Pronghorn (https://app.notion.com/p/Pronghorn-31bf194d1a9381fc8d63f11ed6d5d016?pvs=21),Carcass,0,0,1,1,https://app.notion.com/31bf194d1a9381cdb0fbd44a2a232434,🎯 Bring your Regular Rifle,Pearson needs: 1
Perfect Pronghorn Hide,Perfect,Pronghorn (https://app.notion.com/p/Pronghorn-31bf194d1a9381fc8d63f11ed6d5d016?pvs=21),Hide,4,0,2,6,"https://app.notion.com/31bf194d1a938118acd9e2a36815de9e,https://app.notion.com/31bf194d1a9381b3b21cf4e227b38c91,https://app.notion.com/31bf194d1a93812195ebda9840f149e2,https://app.notion.com/31bf194d1a9381189b08d13e50be74b3,https://app.notion.com/31bf194d1a93813bb8e7f8b7c5d166f1",🎯 Bring your Regular Rifle,"Pearson needs: 2
Trapper needs: 4"
Quail Feather,n/a,Quail (https://app.notion.com/p/Quail-31bf194d1a938177b867ecde4bf52d81?pvs=21),Feather,2,0,0,2,https://app.notion.com/31bf194d1a9381a88a3fcc01e67284fb,🎯 Bring your Small Game Arrow,Trapper needs: 2
Perfect Rabbit Pelt,Perfect,Rabbit (https://app.notion.com/p/Rabbit-31bf194d1a9381098a56dc802d5d5783?pvs=21),Pelt,7,0,1,8,"https://app.notion.com/31bf194d1a9381c6bdacfc19187949de,https://app.notion.com/31bf194d1a9381f2b958ff996c8af86a,https://app.notion.com/31bf194d1a9381d18c58c84df6021a6b,https://app.notion.com/31bf194d1a93818f8f43e2ac6a0bfec6",🎯 Bring your Varmint Rifle,"Pearson needs: 1
Trapper needs: 7"
Perfect Raccoon Pelt,Perfect,Raccoon (https://app.notion.com/p/Raccoon-31bf194d1a9381d48915ce4f47e98705?pvs=21),Pelt,1,0,1,2,"https://app.notion.com/31bf194d1a93813ca40fe2fb01264ec6,https://app.notion.com/31bf194d1a9381898864d9fc5aee4d67",🎯 Bring your Varmint Rifle,"Pearson needs: 1
Trapper needs: 1"
Legendary Ram Hide,Legendary,Ram (https://app.notion.com/p/Ram-31bf194d1a93818d87aedd33c26e83cc?pvs=21),Hide,3,0,0,3,"https://app.notion.com/31bf194d1a938142ba64f076aeb80bff,https://app.notion.com/31bf194d1a9381d99868ea5cb38ba57d,https://app.notion.com/31bf194d1a938138bda2d3079dcb165b",🎯 Bring your Regular Rifle,Trapper needs: 3
Legendary Ram Horn,Legendary,Ram (https://app.notion.com/p/Ram-31bf194d1a93818d87aedd33c26e83cc?pvs=21),Horn,0,1,0,1,https://app.notion.com/31bf194d1a9381fd9133cfa865a39f2a,🎯 Bring your Regular Rifle,Fence needs: 1
Perfect Ram Carcass,Perfect,Ram (https://app.notion.com/p/Ram-31bf194d1a93818d87aedd33c26e83cc?pvs=21),Carcass,0,0,1,1,https://app.notion.com/31bf194d1a93811c8162e0de0d23e994,🎯 Bring your Regular Rifle,Pearson needs: 1
Perfect Ram Hide,Perfect,Ram (https://app.notion.com/p/Ram-31bf194d1a93818d87aedd33c26e83cc?pvs=21),Hide,6,0,0,6,"https://app.notion.com/31bf194d1a9381f593b1f369d6832ae5,https://app.notion.com/31bf194d1a938140a301e5342b82fb03,https://app.notion.com/31bf194d1a93818baa19c8306abbadef,https://app.notion.com/31bf194d1a9381e08417c7299f7e9529,https://app.notion.com/31bf194d1a938124a888fcc2c5fabac2",🎯 Bring your Regular Rifle,Trapper needs: 6
Perfect Rat Pelt,Perfect,Rat (https://app.notion.com/p/Rat-31bf194d1a9381389c68edc4d30449b4?pvs=21),Pelt,16,0,0,16,"https://app.notion.com/31bf194d1a938109a905c2e2ee845103,https://app.notion.com/31bf194d1a938168900ec43048844262",🎯 Bring your Small Game Arrow,Trapper needs: 16
Raven Feather,n/a,Raven (https://app.notion.com/p/Raven-31bf194d1a93819c8db8ff4ec64609a5?pvs=21),Feather,13,0,0,13,"https://app.notion.com/31bf194d1a93811c94a8f1ab8edd4e76,https://app.notion.com/31bf194d1a9381eba72ec2e6c9e36bda",🎯 Bring your Small Game Arrow,Trapper needs: 13
Robin Feather,n/a,Robin (https://app.notion.com/p/Robin-31bf194d1a93812e8b9fe2ab44d5bd33?pvs=21),Feather,7,0,0,7,"https://app.notion.com/31bf194d1a93810cb4c3c52c0e2e61b3,https://app.notion.com/31bf194d1a9381769f50fca3391519be",🎯 Bring your Small Game Arrow,Trapper needs: 7
Rooster Feather,n/a,Rooster (https://app.notion.com/p/Rooster-31bf194d1a9381f287cfca3c9ffd22a4?pvs=21),Feather,4,0,0,4,https://app.notion.com/31bf194d1a93816a99f2f3fc51d2ddf9,🎯 Bring your Small Game Arrow,Trapper needs: 4
Seagull Feather,n/a,Seagull (https://app.notion.com/p/Seagull-31bf194d1a9381a3a044f5c535934a0a?pvs=21),Feather,1,0,0,1,https://app.notion.com/31bf194d1a938155b2f0e55ff2743a3e,🎯 Bring your Small Game Arrow,Trapper needs: 1
Perfect Sheep Hide,Perfect,Sheep (https://app.notion.com/p/Sheep-31bf194d1a9381d9a45fdac99b336b33?pvs=21),Hide,8,0,0,8,"https://app.notion.com/31bf194d1a938194ad6eee2ff0c9193b,https://app.notion.com/31bf194d1a9381c3851fdf5129fff2f1,https://app.notion.com/31bf194d1a93816694f1d151eae7a18b,https://app.notion.com/31bf194d1a9381d99e25fb08b29c6974,https://app.notion.com/31bf194d1a9381de9db8ea83a136b066,https://app.notion.com/31bf194d1a9381f9ad57f15ded32c17f",🎯 Bring your Regular Arrow,Trapper needs: 8
Perfect Skunk Pelt,Perfect,Skunk (https://app.notion.com/p/Skunk-31bf194d1a9381fd8e3afc275539c5d6?pvs=21),Pelt,3,0,0,3,"https://app.notion.com/31bf194d1a9381808c8bc0e8287ef086,https://app.notion.com/31bf194d1a938126ba06ed98523b5e83",🎯 Bring your Varmint Rifle,Trapper needs: 3
Perfect Snake Skin,Perfect,Snake (https://app.notion.com/p/Snake-31bf194d1a93811e9720c58a0843d419?pvs=21),Skin,15,0,2,17,"https://app.notion.com/31bf194d1a9381d6acaaf51d4398702d,https://app.notion.com/31bf194d1a938109a058e7aa0176b40f,https://app.notion.com/31bf194d1a938131a82de5bb06bbdd6b,https://app.notion.com/31bf194d1a9381988c07ccf8a8687a7b,https://app.notion.com/31bf194d1a9381f9ad57f15ded32c17f,https://app.notion.com/31bf194d1a9381258b57faf247cc7066",🎯 Bring your Small Game Arrow,"Pearson needs: 2
Trapper needs: 15"
Songbird Feather,n/a,Songbird (https://app.notion.com/p/Songbird-31bf194d1a9381f38a8ce3e1b5d675a4?pvs=21),Feather,2,0,0,2,https://app.notion.com/31bf194d1a93816a99f2f3fc51d2ddf9,🎯 Bring your Small Game Arrow,Trapper needs: 2
Sparrow Feather,n/a,Sparrow (https://app.notion.com/p/Sparrow-31bf194d1a9381419314d2b59ab2f0a1?pvs=21),Feather,4,0,0,4,https://app.notion.com/31bf194d1a9381769f50fca3391519be,🎯 Bring your Small Game Arrow,Trapper needs: 4
Perfect Squirrel Pelt,Perfect,Squirrel (https://app.notion.com/p/Squirrel-31bf194d1a9381e898a5d0b3f356ded0?pvs=21),Pelt,6,0,1,7,"https://app.notion.com/31bf194d1a93816d81c1f91a25e4986d,https://app.notion.com/31bf194d1a938194b800e37f53fe4b65",🎯 Bring your Small Game Arrow,"Pearson needs: 1
Trapper needs: 6"
Legendary Tatanka Bison Horn,Legendary,Tatanka Bison (https://app.notion.com/p/Tatanka-Bison-31bf194d1a93813fa4c7dcd88d7f7a36?pvs=21),Horn,0,1,0,1,https://app.notion.com/31bf194d1a93812db9d4d699194613ad,🎯 Bring your Sniper Rifle,Fence needs: 1
Legendary Tatanka Bison Pelt,Legendary,Tatanka Bison (https://app.notion.com/p/Tatanka-Bison-31bf194d1a93813fa4c7dcd88d7f7a36?pvs=21),Pelt,3,0,0,3,"https://app.notion.com/31bf194d1a9381ada219c4d0843ad589,https://app.notion.com/31bf194d1a93812693e8c042d102cbaf,https://app.notion.com/31bf194d1a9381f1af15c0922ffbfd7c",🎯 Bring your Sniper Rifle,Trapper needs: 3
Turkey Feather,n/a,Turkey (https://app.notion.com/p/Turkey-31bf194d1a9381bcbd45d76fcea9d40a?pvs=21),Feather,6,0,0,6,"https://app.notion.com/31bf194d1a9381e7a7a8cada27544f8f,https://app.notion.com/31bf194d1a93814cbf1ff8c649107120,https://app.notion.com/31bf194d1a9381878be0d28de2f5b20a",🎯 Bring your Varmint Rifle,Trapper needs: 6
Vulture Feather,n/a,Vulture (https://app.notion.com/p/Vulture-31bf194d1a93818891ffdc8d65c1724b?pvs=21),Feather,1,0,0,1,https://app.notion.com/31bf194d1a938155b2f0e55ff2743a3e,🎯 Bring your Varmint Rifle,Trapper needs: 1
Legendary White Bison Pelt,Legendary,White Bison (https://app.notion.com/p/White-Bison-31bf194d1a9381298236f1628c704017?pvs=21),Pelt,2,0,0,2,"https://app.notion.com/31bf194d1a9381adb849f08ac6bc12dc,https://app.notion.com/31bf194d1a93810e879bd14e69a07460",🎯 Bring your Sniper Rifle,Trapper needs: 2
Legendary Wolf Heart,Legendary,Wolf (https://app.notion.com/p/Wolf-31bf194d1a9381879e74d918e196ef49?pvs=21),Heart,0,1,0,1,https://app.notion.com/31bf194d1a9381538a55ef57b53c9fb4,🎯 Bring your Regular Rifle,Fence needs: 1
Legendary Wolf Pelt,Legendary,Wolf (https://app.notion.com/p/Wolf-31bf194d1a9381879e74d918e196ef49?pvs=21),Pelt,2,0,0,2,"https://app.notion.com/31bf194d1a9381bd9609cb50d2645bb5,https://app.notion.com/31bf194d1a93814aaca5fd6d533ca513",🎯 Bring your Regular Rifle,Trapper needs: 2
Perfect Wolf Carcass,Perfect,Wolf (https://app.notion.com/p/Wolf-31bf194d1a9381879e74d918e196ef49?pvs=21),Carcass,0,0,1,1,https://app.notion.com/31bf194d1a93819dbbaad0025050e2a6,🎯 Bring your Regular Rifle,Pearson needs: 1
Perfect Wolf Pelt,Perfect,Wolf (https://app.notion.com/p/Wolf-31bf194d1a9381879e74d918e196ef49?pvs=21),Pelt,3,0,3,6,"https://app.notion.com/31bf194d1a938144a25cc9ee803a8fb5,https://app.notion.com/31bf194d1a93818e893cf12474a71f69,https://app.notion.com/31bf194d1a9381cc9e34e9186f690f01,https://app.notion.com/31bf194d1a9381e286cbd11ec3a77b47,https://app.notion.com/31bf194d1a938124a888fcc2c5fabac2",🎯 Bring your Regular Rifle,"Pearson needs: 3
Trapper needs: 3"
Woodpecker Feather,n/a,Woodpecker (https://app.notion.com/p/Woodpecker-31bf194d1a938172ae0df424c4539505?pvs=21),Feather,6,0,0,6,"https://app.notion.com/31bf194d1a9381e496b3e6a9e64febfd,https://app.notion.com/31bf194d1a93816a99f2f3fc51d2ddf9",🎯 Bring your Small Game Arrow,Trapper needs: 6