Item Name, Price ,Recipe Card,Set,Merchant,Buff,Category
Alligator Ranch Cutter Saddle,$0.00,1x @Perfect Alligator Skin,Trapper’s Saddle Collection,Trapper,"Core Stamina Drain Rate: -20%
Core Health Drain Rate: -24%
Stamina Drain Rate: -50%
Stamina Regeneration Rate: +22%
Speed/Acceleration Rate: +2",Saddle
Alligator Tooth Talisman,$40.00,"1x @Legendary Alligator Tooth
1x @Vintage Civil War Handcuffs
1x @Gold Jointed Bracelet",Fence’s Talisman Collection,Fence,Permanently decreases the speed at which the Dead Eye core drains by 10%.,Talisman
Arthur's Lodging Alligator Skull,$0.00,1x @Perfect Alligator Skin,Arthur's Lodging,Pearson,A cleaned alligator skull for display in your tent.,Camp
Arthur's Lodging Big Horn Ram Skull,$0.00,1x @Perfect Ram Carcass,Arthur's Lodging,Pearson,A cleaned up ram skull to be displayed at your tent.,Camp
Arthur's Lodging Boar Skin Table Cover,$0.00,1x @Perfect Boar Pelt,Arthur's Lodging,Pearson,A boar skin stretched and secured to your table top.,Camp
Arthur's Lodging Cougar Pelt Covered Chest,$0.00,2x @Perfect Cougar Pelt,Arthur's Lodging,Pearson,A covering for the wardrobe chest made from cougar pelts.,Camp
Arthur's Lodging Ox Hide Rug,$0.00,2x @Perfect Ox Hide,Arthur's Lodging,Pearson,"A ground cover for your tent, made from ox hide.",Camp
Badger Mountain Hat,$26.00,1x @Perfect Badger Pelt,Trapper’s Hat Collection,Trapper,Slightly warm. Pair with other warm items for protection from the cold.,Hat
Badger Rifleman Gloves,$10.00,1x @Perfect Badger Pelt,The Night Wrangler,Trapper,Slightly warm. Pair with other warm items for protection from the cold.,Glove
Batwing Chaps,$12.00,1x @Perfect Deer Pelt,Trapper’s Chaps Collection,Trapper,n/a,Chap
Bear Batwing Chaps,$27.00,1x @Perfect Bear Pelt,Trapper’s Chaps Collection,Trapper,Reasonably warm. Pair with other warm items for protection from the cold.,Chap
Bear Claw Talisman,$34.75,"1x @Legendary Bear Claw
1x @Silver Chain Bracelet
1x @Quartz Chunk",Fence’s Talisman Collection,Fence,Permanently decreases the speed at which the health core drains by 10%.,Talisman
Bear Dakota Saddle,$0.00,1x @Perfect Bear Pelt,Trapper’s Saddle Collection,Trapper,"Core Stamina Drain Rate: -24%
Core Health Drain Rate: -20%
Stamina Drain Rate: -50%
Stamina Regeneration Rate: +22%
Speed/Acceleration Rate: +2",Saddle
Bear Fringed Shotgun Chaps,$38.00,1x @Perfect Black Bear Pelt,Trapper’s Chaps Collection,Trapper,Reasonably warm. Pair with other warm items for protection from the cold.,Chap
Bear Grenadier Hat,$24.00,1x @Perfect Black Bear Pelt,Trapper’s Hat Collection,Trapper,Slightly warm. Pair with other warm items for protection from the cold.,Hat
Beaver Drifter Hat,$20.00,2x @Perfect Beaver Pelt,The Desperado,Trapper,n/a,Hat
Beaver Hunting Jacket,$21.00,"1x @Perfect Cow Hide
1x @Perfect Beaver Pelt",The Bounty Hunter,Trapper,Warm. Too warm for hot weather. Pair with other warm items for protection from the cold.,Jacket
Beaver Mountain Hat,$28.00,1x @Perfect Beaver Pelt,Trapper’s Hat Collection,Trapper,Slightly warm. Pair with other warm items for protection from the cold.,Hat
Beaver Roping Saddle,$0.00,1x @Perfect Beaver Pelt,Trapper’s Saddle Collection,Trapper,"Core Stamina Drain Rate: -20%
Core Health Drain Rate: -26%
Stamina Drain Rate: -50%
Stamina Regeneration Rate: +24%
Speed/Acceleration Rate: +2",Saddle
Beaver Tooth Trinket,$18.25,1x @Legendary Beaver Tooth,Fence’s Trinket Collection,Fence,Permanently slows degradation for all weapons by 10%.,Trinket
Billy Vest,$32.00,"2x @Perfect Armadillo Skin
1x @Perfect Goat Hide",The Desperado,Trapper,Slightly warm. Pair with other warm items for protection from the cold.,Vest
Bison Gambler’s Hat,$18.00,"1x @Perfect Bison Pelt
4x @Robin Feather
4x @Oriole Feather",Trapper’s Hat Collection,Trapper,n/a,Hat
Bison Horn Talisman,$38.50,"1x @Legendary Bison Horn
1x @Abalone Shell Fragment
1x @Silver Earring",Fence’s Talisman Collection,Fence,Permanently decreases the speed at which the stamina core drains by 10%.,Talisman
Boar & Bull Fowler Boots,$31.00,"1x @Perfect Ox Hide
1x @Perfect Boar Pelt",The Desperado,Trapper,A lightweight item. Good in hot weather. No protection from the cold.,Boot
Boar Fringed Shotgun Chaps,$25.00,2x @Perfect Boar Pelt,The Bronco Buster,Trapper,Reasonably warm. Pair with other warm items for protection from the cold.,Chap
Boar Mother Hubbard Saddle,$0.00,1x @Perfect Boar Pelt,Trapper’s Saddle Collection,Trapper,"Core Stamina Drain Rate: -20%
Core Health Drain Rate: -22%
Stamina Drain Rate: -50%
Stamina Regeneration Rate: +20%
Speed/Acceleration Rate: +2",Saddle
Boar Riding Gloves,$15.00,"1x @Perfect Boar Pelt
2x @Perfect Rabbit Pelt",The Bear Hunter,Trapper,Slightly warm. Pair with other warm items for protection from the cold.,Glove
Boar Tusk Talisman,$31.00,"1x @Legendary Boar Tusk
1x @Cobalt Petrified Wood
1x @Gold Earring",Fence’s Talisman Collection,Fence,Permanently decreases the speed at which the horse health and stamina cores drain by 10%.,Talisman
Buck Antler Trinket,$22.00,1x @Legendary Buck Antler,Fence’s Trinket Collection,Fence,Player has a higher chance of receiving perfect quality animal parts.,Trinket
Buck Riding Gloves,$5.00,1x @Perfect Buck Pelt,The Bounty Hunter,Trapper,Slightly warm. Pair with other warm items for protection from the cold.,Glove
Bull Fowler Boots,$29.00,"1x @Perfect Boar Pelt
1x @Perfect Bull Hide",The Beast of Prey,Trapper,A lightweight item. Good in hot weather. No protection from the cold.,Boot
Bull Fringed Shotgun Chaps,$18.00,1x @Perfect Bull Hide,The Marauder,Trapper,n/a,Chap
Camp Tables Pronghorn Leather Table Tops,$0.00,2x @Perfect Pronghorn Hide,Camp Tables,Pearson,Two durable table top covers crafted from finished pronghorn hides.,Camp
Chuck Wagon Pronghorn Skull,$0.00,1x @Perfect Pronghorn Carcass,Chuck Wagon,Pearson,A cleaned and finished pronghorn skull to display in camp.,Camp
Cougar Cutaway Coat,$39.00,"2x @Perfect Cougar Pelt
1x @Perfect Black Bear Pelt",The Night Wrangler,Trapper,Warm. Too warm for hot weather. Pair with other warm items for protection from the cold.,Coat
Cougar Fang Trinket,$20.50,1x @Legendary Cougar Fang,Fence’s Trinket Collection,Fence,Permanently increases player's stamina experience bonus by 10%.,Trinket
Cougar McClelland Saddle,$0.00,1x @Perfect Cougar Pelt,Trapper’s Saddle Collection,Trapper,"Core Stamina Drain Rate: -22%
Core Health Drain Rate: -20%
Stamina Drain Rate: -50%
Stamina Regeneration Rate: +20%
Speed/Acceleration Rate: +2",Saddle
Country Vest,$25.00,"1x @Perfect Buck Pelt
1x @Perfect Beaver Pelt",The Mountain Man,Trapper,Slightly warm. Pair with other warm items for protection from the cold.,Vest
Coyote Fang Trinket,$21.25,1x @Legendary Coyote Fang,Fence’s Trinket Collection,Fence,Permanently increases player's Dead Eye experience bonus by 10%.,Trinket
Coyote Gambler’s Hat,$16.00,2x @Perfect Coyote Pelt,The Night Wrangler,Trapper,n/a,Hat
Coyote Scout Jacket,$20.00,"1x @Perfect Ox Hide
1x @Perfect Coyote Pelt",The Bronco Buster,Trapper,Warm. Too warm for hot weather. Pair with other warm items for protection from the cold.,Jacket
Deer Cavalry Hat,$20.00,"1x @Perfect Deer Pelt
10x @Raven Feather",Trapper’s Hat Collection,Trapper,n/a,Hat
Deer Pelt Half Chaps,$9.00,1x @Perfect Deer Pelt,Trapper’s Chaps Collection,Trapper,n/a,Chap
Elk Antler Trinket,$22.75,1x @Legendary Elk Antler,Fence’s Trinket Collection,Fence,Permanently increases the value of player's looted money by 10%.,Trinket
Elk Flop Hat,$12.00,1x @Perfect Elk Pelt,The Bronco Buster,Trapper,n/a,Hat
Elk Fringed Shotgun Chaps,$21.00,1x @Perfect Elk Pelt,Trapper’s Chaps Collection,Trapper,n/a,Chap
Elk Riding Gloves,$12.00,1x @Perfect Elk Pelt,The Mountain Man,Trapper,Slightly warm. Pair with other warm items for protection from the cold.,Glove
Fox Claw Trinket,$23.50,1x @Legendary Fox Claw,Fence’s Trinket Collection,Fence,Permanently increases the time that Eagle Eye can stay active by 5 seconds.,Trinket
Fox Mountain Hat,$30.00,1x @Perfect Fox Pelt,Trapper’s Hat Collection,Trapper,Slightly warm. Pair with other warm items for protection from the cold.,Hat
Gila Monster Gambler’s Hat,$16.00,"1x @Perfect Elk Pelt
1x @Perfect Gila Monster Skin",Trapper’s Hat Collection,Trapper,n/a,Hat
Glorious Accessory,$10.00,"1x @Oriole Feather
4x @Woodpecker Feather",Trapper’s Hat Collection,Trapper,n/a,Hat Accessory
Goat Flop Hat,$12.00,"1x @Perfect Pronghorn Hide
1x @Perfect Goat Hide",The Wrangler,Trapper,n/a,Hat
Grenadier Hat,$24.00,"1x @Perfect Muskrat Pelt
1x @Perfect Beaver Pelt",The Mountain Man,Trapper,Slightly warm. Pair with other warm items for protection from the cold.,Hat
Hinterland Vest,$21.00,1x @Perfect Ram Hide,Trapper’s Vest Collection,Trapper,Slightly warm. Pair with other warm items for protection from the cold.,Vest
Homestead Accessory,$10.00,"1x @Chicken Feather
2x @Goose Feather",Trapper’s Hat Collection,Trapper,n/a,Hat Accessory
Huntsman Accessory,$10.00,"1x @Perfect Boar Pelt
1x @Hawk Feather
2x @Quail Feather",Trapper’s Hat Collection,Trapper,n/a,Hat Accessory
Huntsman Vest,$25.00,"1x @Perfect Sheep Hide
1x @Perfect Deer Pelt",The Bronco Buster,Trapper,Slightly warm. Pair with other warm items for protection from the cold.,Vest
Iguana Big Valley Hat,$14.00,"1x @Perfect Cow Hide
1x @Perfect Iguana Skin",Trapper’s Hat Collection,Trapper,n/a,Hat
Iguana Range Gloves,$27.00,"1x @Perfect Collared Peccary Pig Pelt
2x @Perfect Iguana Skin",The Rattler,Trapper,Slightly warm. Pair with other warm items for protection from the cold.,Glove
Ingredients Satchel,$0.00,"1x @Perfect Deer Pelt
1x @Perfect Badger Pelt
1x @Perfect Squirrel Pelt",Pearson’s Satchel Collection,Pearson,Increases the carrying capacity of edible ingredients which can be used to craft Provisions and Tonics.,Satchel
Javelina Half Chaps,$18.00,"1x @Perfect Collared Peccary Pig Pelt
1x @Perfect Snake Skin",The Rattler,Trapper,n/a,Chap
Javelina Moccasins,$33.00,2x @Perfect Collared Peccary Pig Pelt,Trapper’s Boots Collection,Trapper,Reasonably warm. Pair with other warm items for protection from the cold.,Boot
John's Lodging Boar Skin Rug,$0.00,4x @Perfect Boar Pelt,John's Lodging,Pearson,"A ground cover for Marston's tent, crafted from wild boar.",Camp
Judicious Accessory,$10.00,"1x @Pheasant Feather
1x @Owl Feather",Trapper’s Hat Collection,Trapper,n/a,Hat Accessory
Kit Satchel,$0.00,"1x @Perfect Deer Pelt
1x @Perfect Elk Pelt
1x @Perfect Panther Pelt",Pearson’s Satchel Collection,Pearson,Increases the carrying capacity for all types of Kit equipment that will be used regularly.,Satchel
Legend of the East Satchel,$0.00,"1x @Perfect Cougar Pelt
1x @Perfect Wolf Pelt
1x @Perfect Deer Pelt",Pearson’s Satchel Collection,Pearson,Greatly expands the carrying capacity for all item types.,Satchel
Legendary Alligator Fowlers,$35.00,1x @Legendary Alligator Skin,The Death Roll,Trapper,A lightweight item. Good in hot weather. No protection from the cold.,Boot
Legendary Alligator Gambler’s Hat,$22.00,"1x @Legendary Alligator Skin
2x @Perfect Snake Skin",The Death Roll,Trapper,n/a,Hat
Legendary Alligator Vest,$35.00,1x @Legendary Alligator Skin,The Death Roll,Trapper,n/a,Vest
Legendary Bear Coat,$28.00,"1x @Legendary Bear Pelt
1x @Perfect Bison Pelt",The Bear Hunter,Trapper,Warm. Too warm for hot weather. Pair with other warm items for protection from the cold.,Coat
Legendary Bear Head Hat,$40.00,1x @Legendary Bear Pelt,The Bear Hunter,Trapper,Slightly warm. Pair with other warm items for protection from the cold.,Hat
Legendary Bear Roper,$34.00,"1x @Legendary Bear Pelt
1x @Perfect Bull Hide",The Bear Hunter,Trapper,A lightweight item. Good in hot weather. No protection from the cold.,Hat
Legendary Beaver Cavalry Gloves,$18.00,1x @Legendary Beaver Pelt,The Dreamcatcher,Trapper,Slightly warm. Pair with other warm items for protection from the cold.,Glove
Legendary Beaver Flop Hat,$22.00,"1x @Legendary Beaver Pelt
1x @Legendary Boar Pelt
1x @Cardinal Feather",The Dreamcatcher,Trapper,n/a,Hat
Legendary Bison Batwing Chaps,$32.00,1x @Legendary Tatanka Bison Pelt,The Dreamcatcher,Trapper,Reasonably warm. Pair with other warm items for protection from the cold.,Chap
Legendary Bison Vest,$30.00,1x @Legendary Tatanka Bison Pelt,The Dreamcatcher,Trapper,Slightly warm. Pair with other warm items for protection from the cold.,Vest
Legendary Boar & Bison Fowlers,$37.00,"1x @Legendary Boar Pelt
1x @Legendary Tatanka Bison Pelt",The Dreamcatcher,Trapper,A lightweight item. Good in hot weather. No protection from the cold.,Boot
Legendary Buck & Fox Range Gloves,$28.00,"1x @Legendary Buck Pelt
1x @Legendary Fox Pelt",The Trophy Buck,Trapper,Slightly warm. Pair with other warm items for protection from the cold.,Glove
Legendary Buck Vest,$26.00,"1x @Legendary Buck Pelt
1x @Perfect Ram Hide",The Trophy Buck,Trapper,Slightly warm. Pair with other warm items for protection from the cold.,Vest
Legendary Cougar & Wolf Vest,$42.00,"1x @Legendary Cougar Pelt
1x @Legendary Wolf Pelt",The Beast of Prey,Trapper,Slightly warm. Pair with other warm items for protection from the cold.,Vest
Legendary Cougar Flop Hat,$19.00,"1x @Legendary Cougar Pelt
2x @Turkey Feather",The Beast of Prey,Trapper,n/a,Hat
Legendary Cougar Riding Gloves,$20.00,"1x @Legendary Cougar Pelt
1x @Perfect Boar Pelt",The Beast of Prey,Trapper,Slightly warm. Pair with other warm items for protection from the cold.,Glove
Legendary Coyote Half Chaps,$20.00,"1x @Legendary Coyote Pelt
2x @Perfect Fox Pelt",The Huntsman,Trapper,Reasonably warm. Pair with other warm items for protection from the cold.,Chap
Legendary Coyote Mountain Hat,$23.00,"1x @Legendary Coyote Pelt
2x @Eagle Feather",The Huntsman,Trapper,Slightly warm. Pair with other warm items for protection from the cold.,Hat
Legendary Elk Half Chaps,$16.00,"1x @Legendary Elk Pelt
1x @Perfect Sheep Hide",The Ghost Bison,Trapper,n/a,Chap
Legendary Elk Moccasins,$30.00,"1x @Legendary Elk Pelt
1x @Perfect Goat Hide",The Ghost Bison,Trapper,A lightweight item. Good in hot weather. No protection from the cold.,Boot
Legendary Elk Range Gloves,$13.00,1x @Legendary Elk Pelt,The Ghost Bison,Trapper,Slightly warm. Pair with other warm items for protection from the cold.,Glove
Legendary Fox Moccasins,$40.00,"1x @Perfect Elk Pelt
1x @Legendary Fox Pelt",The Trophy Buck,Trapper,Reasonably warm. Pair with other warm items for protection from the cold.,Boot
Legendary Moose Hunting Jacket,$24.00,"1x @Legendary Moose Pelt
1x @Perfect Wolf Pelt",The Stalker,Trapper,Warm. Too warm for hot weather. Pair with other warm items for protection from the cold.,Jacket
Legendary Moose Moccasins,$22.00,"1x @Legendary Moose Pelt
1x @Perfect Cow Hide",The Stalker,Trapper,A lightweight item. Good in hot weather. No protection from the cold.,Boot
Legendary Panther Cloak,$45.00,1x @Legendary Panther Pelt,The Death Roll,Trapper,Warm. Too warm for hot weather. Pair with other warm items for protection from the cold.,Cloak
Legendary Panther Range Gloves,$30.00,"1x @Legendary Panther Pelt
1x @Perfect Gila Monster Skin",The Death Roll,Trapper,Slightly warm. Pair with other warm items for protection from the cold.,Glove
Legendary Pronghorn Coat,$35.00,"1x @Legendary Pronghorn Hide
1x @Perfect Moose Pelt",The Huntsman,Trapper,Warm. Too warm for hot weather. Pair with other warm items for protection from the cold.,Coat
Legendary Pronghorn Range Gloves,$17.00,"1x @Legendary Pronghorn Hide
1x @Perfect Muskrat Pelt",The Huntsman,Trapper,Slightly warm. Pair with other warm items for protection from the cold.,Glove
Legendary Ram Batwing Chaps,$33.00,1x @Legendary Ram Hide,The Stalker,Trapper,Reasonably warm. Pair with other warm items for protection from the cold.,Chap
Legendary Ram Hat,$17.00,1x @Legendary Ram Hide,The Stalker,Trapper,n/a,Hat
Legendary Ram Rifleman Gloves,$12.00,"1x @Legendary Ram Hide
1x @Perfect Boar Pelt",The Stalker,Trapper,Slightly warm. Pair with other warm items for protection from the cold.,Glove
Legendary White Bison Coat,$29.00,1x @Legendary White Bison Pelt,The Ghost Bison,Trapper,Warm. Too warm for hot weather. Pair with other warm items for protection from the cold.,Coat
Legendary White Bison Hat,$45.00,1x @Legendary White Bison Pelt,The Ghost Bison,Trapper,Slightly warm. Pair with other warm items for protection from the cold.,Hat
Legendary Wolf Batwing Chaps,$34.00,"1x @Legendary Wolf Pelt
1x @Perfect Goat Hide",The Beast of Prey,Trapper,Reasonably warm. Pair with other warm items for protection from the cold.,Chap
Lion's Paw Trinket,$19.75,1x @Lion Paw,Fence’s Trinket Collection,Fence,Permanently increases the player's stamina experience bonus by 10%.,Trinket
Main Camp Campfire Log Seat Cover,$0.00,2x @Perfect Wolf Pelt,Main Campfire,Pearson,"A seat cover for the campfire log, crafted from wolf pelts.",Camp
Main Camp Campfire Seat Cover,$0.00,"1x @Perfect Beaver Pelt
1x @Perfect Muskrat Pelt
1x @Perfect Fox Pelt",Main Campfire,Pearson,A covering for the campfire crate crated out of various furs.,Camp
Main Camp Lean-to Hide Ground Cover,$0.00,1x @Perfect Cow Hide,Main Campfire,Pearson,"Ground cover for one of the lean-to tents, crafted from cow hide.",Camp
Main Camp Moose Antlers,$0.00,1x @Moose Antler,Main Campfire,Pearson,"The antlers from a moose, mounted and hung up.",Camp
Main Camp Snake Skin Banjo Head,$0.00,2x @Perfect Snake Skin,Main Campfire,Pearson,"A Snake Skin that's been stretched, trimmed and tensioned onto the banjo to give it a new look.",Camp
Main Camp Wolf Skull,$0.00,1x @Perfect Wolf Carcass,Main Campfire,Pearson,A cleaned up wolf skull to be displayed at the campfire.,Camp
Majestic Accessory,$15.00,"4x @Rooster Feather
2x @Woodpecker Feather
2x @Songbird Feather",Trapper’s Hat Collection,Trapper,n/a,Hat Accessory
Materials Satchel,$0.00,"1x @Perfect Deer Pelt
1x @Perfect Boar Pelt
1x @Perfect Iguana Skin",Pearson’s Satchel Collection,Pearson,Increases the carrying capacity for mostly inedible Materials which can be used to craft a variety of items.,Satchel
Moccasins,$17.00,1x @Perfect Buck Pelt,Trapper’s Boots Collection,Trapper,A lightweight item. Good in hot weather. No protection from the cold.,Boot
Moose Antler Trinket,$19.00,1x @Legendary Moose Antler,Fence’s Trinket Collection,Fence,Permanently increases player's health experience bonus by 10%.,Trinket
Moose Batwing Chaps,$10.00,1x @Perfect Moose Pelt,Trapper’s Chaps Collection,Trapper,n/a,Chap
Moose Half Chaps,$10.00,1x @Perfect Moose Pelt,The Night Wrangler,Trapper,n/a,Chap
Moose Range Gloves,$22.00,1x @Perfect Moose Pelt,The Wrangler,Trapper,Slightly warm. Pair with other warm items for protection from the cold.,Glove
Muskrat Cavalry Hat,$15.00,"4x @Perfect Rabbit Pelt
1x @Perfect Muskrat Pelt",The Marauder,Trapper,n/a,Hat
Muskrat Half Chaps,$5.00,2x @Perfect Muskrat Pelt,Trapper’s Chaps Collection,Trapper,n/a,Chap
Native Accessory,$10.00,"1x @Pheasant Feather
4x @Sparrow Feather
3x @Robin Feather",Trapper’s Hat Collection,Trapper,n/a,Hat Accessory
No Man’s Vest,$27.00,"1x @Perfect Panther Pelt
1x @Perfect Goat Hide",The Wrangler,Trapper,Slightly warm. Pair with other warm items for protection from the cold.,Vest
Outdoorsmen Vest,$22.00,1x @Perfect Pronghorn Hide,The Rattler,Trapper,Slightly warm. Pair with other warm items for protection from the cold.,Vest
Ox Fringed Shotgun Chaps,$15.00,1x @Perfect Ox Hide,Trapper’s Chaps Collection,Trapper,n/a,Chap
Panther Trail Saddle,$0.00,1x @Perfect Panther Pelt,Trapper’s Saddle Collection,Trapper,"Core Stamina Drain Rate: -26%
Core Health Drain Rate: -20%
Stamina Drain Rate: -50%
Stamina Regeneration Rate: +24%
Speed/Acceleration Rate: +2",Saddle
Panther's Eye Trinket,$25.00,1x @Legendary Panther Eye,Fence’s Trinket Collection,Fence,Permanently decreases the speed at which the Dead Eye bar drains by 10% for 3 seconds.,Trinket
Pigskin Rifleman Gloves,$8.00,1x @Perfect Pig Hide,The Bronco Buster,Trapper,Slightly warm. Pair with other warm items for protection from the cold.,Glove
Pilgrim Accessory,$11.00,"1x @Turkey Feather
2x @Cedar Waxwing Feather
3x @Blue Jay Feather",Trapper’s Hat Collection,Trapper,n/a,Hat Accessory
Pioneer Accessory,$11.00,"3x @Turkey Feather
3x @Duck Feather
3x @Chicken Feather",Trapper’s Hat Collection,Trapper,n/a,Hat Accessory
Plantation Slouch Hat,$15.00,1x @Perfect Bison Pelt,The Bounty Hunter,Trapper,n/a,Hat
Principal Vest,$18.00,"1x @Perfect Cow Hide
1x @Perfect Deer Pelt",The Marauder,Trapper,n/a,Vest
Pronghorn Flop Hat,$12.00,"1x @Perfect Pronghorn Hide
4x @Perfect Opossum Pelt",Trapper’s Hat Collection,Trapper,n/a,Hat
Pronghorn Half Chaps,$7.00,1x @Perfect Pronghorn Hide,The Bounty Hunter,Trapper,n/a,Chap
Pronghorn Horn Trinket,$24.50,1x @Legendary Pronghorn Horn,Fence’s Trinket Collection,Fence,Stops animals on horseback from spoiling.,Trinket
Provisions Satchel,$0.00,"1x @Perfect Deer Pelt
1x @Perfect Bison Pelt
1x @Perfect Raccoon Pelt",Pearson’s Satchel Collection,Pearson,Increases the carrying capacity for all types of Provisions from store bought to cooked meals.,Satchel
Pursuer Accessory,$13.00,"2x @Eagle Feather
2x @Pigeon Feather",Trapper’s Hat Collection,Trapper,n/a,Hat Accessory
Raccoon Mountain Hat,$21.00,"1x @Perfect Raccoon Pelt
1x @Perfect Beaver Pelt
2x @Hawk Feather",The Trophy Buck,Trapper,Slightly warm. Pair with other warm items for protection from the cold.,Hat
Ram Horn Trinket,$17.50,1x @Legendary Ram Horn,Fence’s Trinket Collection,Fence,"Picking Creeping Thyme, Oregano, and Wild Mint yields 2x more herbs.",Trinket
Ram Shotgun Coat,$45.00,2x @Perfect Ram Hide,The Mountain Man,Trapper,Very warm. Too warm for hot weather. Provides protection from the cold.,Coat
Ram Sombrero,$10.00,1x @Perfect Ram Hide,The Rattler,Trapper,n/a,Hat
Rat Flat Cap,$12.00,10x @Perfect Rat Pelt,Trapper’s Hat Collection,Trapper,Slightly warm. Pair with other warm items for protection from the cold.,Hat
Rat Infantry Hardee Hat,$17.00,"1x @Perfect Goat Hide
6x @Perfect Rat Pelt",Trapper’s Hat Collection,Trapper,n/a,Hat
Rattlesnake Vaquero Saddle,$0.00,10x @Perfect Snake Skin,Trapper’s Saddle Collection,Trapper,"Core Stamina Drain Rate: -24%
Core Health Drain Rate: -22%
Stamina Drain Rate: -50%
Stamina Regeneration Rate: +24%
Speed/Acceleration Rate: +2",Saddle
Raven Claw Talisman,$29.00,1x @Old Brass Compass,Fence’s Talisman Collection,Fence,Permanently slows  degradation for all weapons by 20%.,Talisman
Rococo Accessory,$15.00,"2x @Crow Feather
2x @Cardinal Feather",Trapper’s Hat Collection,Trapper,n/a,Hat Accessory
Rugged Wrangler Vest,$23.00,1x @Perfect Pig Hide,Trapper’s Vest Collection,Trapper,Slightly warm. Pair with other warm items for protection from the cold.,Vest
Rustic Vest,$23.00,1x @Perfect Cougar Pelt,Trapper’s Vest Collection,Trapper,Slightly warm. Pair with other warm items for protection from the cold.,Vest
Scavenger Accessory,$11.00,"1x @Vulture Feather
1x @Seagull Feather",Trapper’s Hat Collection,Trapper,n/a,Hat Accessory
Scout Camp Elk Antlers,$0.00,1x @Elk Antler,Scout Campfire,Pearson,"The antlers of an elk, mounted and displayed on the back of a wagon.",Camp
Scout Camp Hanging Bones,$0.00,1x @Buck Antler,Scout Campfire,Pearson,a bunch of leftover animal bits hanging on display.,Camp
Scout Camp Scout Fire Ground Cover,$0.00,2x @Perfect Goat Hide,Scout Campfire,Pearson,"A ground cover for the scout fire, crafted from goat.",Camp
Sheep Batwing Chaps,$35.00,2x @Perfect Sheep Hide,Trapper’s Chaps Collection,Trapper,Reasonably warm. Pair with other warm items for protection from the cold.,Chap
Sheepskin Vest,$20.00,2x @Perfect Sheep Hide,The Bounty Hunter,Trapper,Slightly warm. Pair with other warm items for protection from the cold.,Vest
Skunk Mountain Hat,$23.00,1x @Perfect Skunk Pelt,Trapper’s Hat Collection,Trapper,Slightly warm. Pair with other warm items for protection from the cold.,Hat
Skunk Trapper Boots,$39.00,2x @Perfect Skunk Pelt,Trapper’s Boots Collection,Trapper,Reasonably warm. Pair with other warm items for protection from the cold.,Boot
Snake Bulldogger Hat,$23.00,"1x @Perfect Sheep Hide
1x @Perfect Snake Skin",Trapper’s Hat Collection,Trapper,n/a,Hat
Snake Skin Cavalry Gloves,$26.00,"1x @Perfect Boar Pelt
1x @Perfect Snake Skin",The Marauder,Trapper,Slightly warm. Pair with other warm items for protection from the cold.,Glove
Squirrel Flat Cap,$16.00,6x @Perfect Squirrel Pelt,Trapper’s Hat Collection,Trapper,Slightly warm. Pair with other warm items for protection from the cold.,Hat
Stalker Accessory,$13.00,"2x @Loon Feather
1x @Condor Feather
3x @Raven Feather",Trapper’s Hat Collection,Trapper,n/a,Hat Accessory
Tatanka Bison Horn Trinket,$16.75,1x @Legendary Tatanka Bison Horn,Fence’s Trinket Collection,Fence,Permanently decreases the amount of melee damage received by 10%.,Trinket
Tonics Satchel,$0.00,"1x @Perfect Deer Pelt
1x @Perfect Buck Pelt
1x @Perfect Elk Pelt",Pearson’s Satchel Collection,Pearson,Increases the carrying capacity for all types of Tonics from shop bought to crafted versions.,Satchel
Trapper’s Cloak,$32.00,1x @Perfect Sheep Hide,The Wrangler,Trapper,Warm. Too warm for hot weather. Pair with other warm items for protection from the cold.,Cloak
Two Toned Moccasins,$15.00,1x @Perfect Buck Pelt,The Wrangler,Trapper,A lightweight item. Good in hot weather. No protection from the cold.,Boot
Valuables Satchel,$0.00,"1x @Perfect Deer Pelt
1x @Perfect Beaver Pelt
1x @Perfect Rabbit Pelt",Pearson’s Satchel Collection,Pearson,Increases the carrying capacity for all types of Valuables that can be sold for cash.,Satchel
Wilderness Vest,$28.00,"1x @Perfect Wolf Pelt
1x @Perfect Panther Pelt",The Night Wrangler,Trapper,Slightly warm. Pair with other warm items for protection from the cold.,Vest
Winter Cavalry Gloves,$25.00,"1x @Perfect Rabbit Pelt
2x @Perfect Muskrat Pelt",The Desperado,Trapper,Slightly warm. Pair with other warm items for protection from the cold.,Glove
Wolf Coat,$25.00,"1x @Perfect Ram Hide
1x @Perfect Wolf Pelt",The Desperado,Trapper,Warm. Too warm for hot weather. Pair with other warm items for protection from the cold.,Coat
Wolf Heart Trinket,$16.00,1x @Legendary Wolf Heart,Fence’s Trinket Collection,Fence,Player can consume 2x more alcohol before feeling negative effects of being drunk.,Trinket
Workman’s Pride Boots,$28.00,"1x @Perfect Cow Hide
1x @Perfect Goat Hide",The Huntsman,Trapper,A lightweight item. Good in hot weather. No protection from the cold.,Boot
