Recipe Name,Animal Materials,Misc. Materials,Amount Needed,Merchant,Amount Needed for Fence,Amount Needed for Trapper,Amount Needed for Pearson
Alligator Ranch Cutter Saddle,Perfect Alligator Skin (https://app.notion.com/p/Perfect-Alligator-Skin-31bf194d1a938180981bef381a0df11a?pvs=21),,1,Trapper,0,1,0
Alligator Tooth Talisman,,Gold Jointed Bracelet (https://app.notion.com/p/Gold-Jointed-Bracelet-31bf194d1a9381fb9c17f3ae46e65803?pvs=21),1,Fence,1,0,0
Alligator Tooth Talisman,,Vintage Civil War Handcuffs (https://app.notion.com/p/Vintage-Civil-War-Handcuffs-31bf194d1a9381cb8e7cd77297ab07a4?pvs=21),1,Fence,1,0,0
Alligator Tooth Talisman,Legendary Alligator Tooth (https://app.notion.com/p/Legendary-Alligator-Tooth-31bf194d1a9381e691baf063fc91ff7f?pvs=21),,1,Fence,1,0,0
Arthur's Lodging Alligator Skull,Perfect Alligator Skin (https://app.notion.com/p/Perfect-Alligator-Skin-31bf194d1a938180981bef381a0df11a?pvs=21),,1,Pearson,0,0,1
Arthur's Lodging Big Horn Ram Skull,Perfect Ram Carcass (https://app.notion.com/p/Perfect-Ram-Carcass-31bf194d1a9381c5aecfc14ad9f2db01?pvs=21),,1,Pearson,0,0,1
Arthur's Lodging Boar Skin Table Cover,Perfect Boar Pelt (https://app.notion.com/p/Perfect-Boar-Pelt-31bf194d1a938121ab2dcbfe4ba02ff1?pvs=21),,1,Pearson,0,0,1
Arthur's Lodging Cougar Pelt Covered Chest,Perfect Cougar Pelt (https://app.notion.com/p/Perfect-Cougar-Pelt-31bf194d1a93819cac45c0148639e51d?pvs=21),,2,Pearson,0,0,2
Arthur's Lodging Ox Hide Rug,Perfect Ox Hide (https://app.notion.com/p/Perfect-Ox-Hide-31bf194d1a9381f08c8cfb89a179b9d1?pvs=21),,2,Pearson,0,0,2
Badger Mountain Hat,Perfect Badger Pelt (https://app.notion.com/p/Perfect-Badger-Pelt-31bf194d1a938193974ce04d68ff08d7?pvs=21),,1,Trapper,0,1,0
Badger Rifleman Gloves,Perfect Badger Pelt (https://app.notion.com/p/Perfect-Badger-Pelt-31bf194d1a938193974ce04d68ff08d7?pvs=21),,1,Trapper,0,1,0
Batwing Chaps,Perfect Deer Pelt (https://app.notion.com/p/Perfect-Deer-Pelt-31bf194d1a9381e49a23dcdd2056f19f?pvs=21),,1,Trapper,0,1,0
Bear Batwing Chaps,Perfect Bear Pelt (https://app.notion.com/p/Perfect-Bear-Pelt-31bf194d1a938111bd2dc3bc3c5a4c17?pvs=21),,1,Trapper,0,1,0
Bear Claw Talisman,Legendary Bear Claw (https://app.notion.com/p/Legendary-Bear-Claw-31bf194d1a9381d6a582f739d83c1347?pvs=21),,1,Fence,1,0,0
Bear Claw Talisman,,Silver Chain Bracelet (https://app.notion.com/p/Silver-Chain-Bracelet-31bf194d1a93816cb8c6d5734479737c?pvs=21),1,Fence,1,0,0
Bear Claw Talisman,,Quartz Chunk (https://app.notion.com/p/Quartz-Chunk-31bf194d1a938193b0f6e45cfcf0b4e2?pvs=21),1,Fence,1,0,0
Bear Dakota Saddle,Perfect Bear Pelt (https://app.notion.com/p/Perfect-Bear-Pelt-31bf194d1a938111bd2dc3bc3c5a4c17?pvs=21),,1,Trapper,0,1,0
Bear Fringed Shotgun Chaps,Perfect Black Bear Pelt (https://app.notion.com/p/Perfect-Black-Bear-Pelt-31bf194d1a9381baa4e8db9d3fac8a0d?pvs=21),,1,Trapper,0,1,0
Bear Grenadier Hat,Perfect Black Bear Pelt (https://app.notion.com/p/Perfect-Black-Bear-Pelt-31bf194d1a9381baa4e8db9d3fac8a0d?pvs=21),,1,Trapper,0,1,0
Beaver Drifter Hat,Perfect Beaver Pelt (https://app.notion.com/p/Perfect-Beaver-Pelt-31bf194d1a938194a77fdcc030e3794e?pvs=21),,2,Trapper,0,2,0
Beaver Hunting Jacket,Perfect Beaver Pelt (https://app.notion.com/p/Perfect-Beaver-Pelt-31bf194d1a938194a77fdcc030e3794e?pvs=21),,1,Trapper,0,1,0
Beaver Hunting Jacket,Perfect Cow Hide (https://app.notion.com/p/Perfect-Cow-Hide-31bf194d1a9381c8aa6ff7e692b6fd76?pvs=21),,1,Trapper,0,1,0
Beaver Mountain Hat,Perfect Beaver Pelt (https://app.notion.com/p/Perfect-Beaver-Pelt-31bf194d1a938194a77fdcc030e3794e?pvs=21),,1,Trapper,0,1,0
Beaver Roping Saddle,Perfect Beaver Pelt (https://app.notion.com/p/Perfect-Beaver-Pelt-31bf194d1a938194a77fdcc030e3794e?pvs=21),,1,Trapper,0,1,0
Beaver Tooth Trinket,Legendary Beaver Tooth (https://app.notion.com/p/Legendary-Beaver-Tooth-31bf194d1a93814298f7c1b6362de38c?pvs=21),,1,Fence,1,0,0
Billy Vest,Perfect Armadillo Skin (https://app.notion.com/p/Perfect-Armadillo-Skin-31bf194d1a9381d493c2de70f54c5633?pvs=21),,2,Trapper,0,2,0
Billy Vest,Perfect Goat Hide (https://app.notion.com/p/Perfect-Goat-Hide-31bf194d1a9381cc9ac4de70787471d2?pvs=21),,1,Trapper,0,1,0
Bison Gambler’s Hat,Robin Feather (https://app.notion.com/p/Robin-Feather-31bf194d1a9381bcbeb8f832bdd21ebd?pvs=21),,4,Trapper,0,4,0
Bison Gambler’s Hat,Perfect Bison Pelt (https://app.notion.com/p/Perfect-Bison-Pelt-31bf194d1a938171ba25d7a497b3eb8b?pvs=21),,1,Trapper,0,1,0
Bison Gambler’s Hat,Oriole Feather (https://app.notion.com/p/Oriole-Feather-31bf194d1a9381209116f4cbe8bc3c82?pvs=21),,4,Trapper,0,4,0
Bison Horn Talisman,Legendary Bison Horn (https://app.notion.com/p/Legendary-Bison-Horn-31bf194d1a9381459bf3e571a2f7c79b?pvs=21),,1,Fence,1,0,0
Bison Horn Talisman,,Silver Earring (https://app.notion.com/p/Silver-Earring-31bf194d1a93810a8bc2ff7768d46ff4?pvs=21),1,Fence,1,0,0
Bison Horn Talisman,,Abalone Shell Fragment (https://app.notion.com/p/Abalone-Shell-Fragment-31bf194d1a938174b038e57a8491837f?pvs=21),1,Fence,1,0,0
Boar & Bull Fowler Boots,Perfect Boar Pelt (https://app.notion.com/p/Perfect-Boar-Pelt-31bf194d1a938121ab2dcbfe4ba02ff1?pvs=21),,1,Trapper,0,1,0
Boar & Bull Fowler Boots,Perfect Ox Hide (https://app.notion.com/p/Perfect-Ox-Hide-31bf194d1a9381f08c8cfb89a179b9d1?pvs=21),,1,Trapper,0,1,0
Boar Fringed Shotgun Chaps,Perfect Boar Pelt (https://app.notion.com/p/Perfect-Boar-Pelt-31bf194d1a938121ab2dcbfe4ba02ff1?pvs=21),,2,Trapper,0,2,0
Boar Mother Hubbard Saddle,Perfect Boar Pelt (https://app.notion.com/p/Perfect-Boar-Pelt-31bf194d1a938121ab2dcbfe4ba02ff1?pvs=21),,1,Trapper,0,1,0
Boar Riding Gloves,Perfect Rabbit Pelt (https://app.notion.com/p/Perfect-Rabbit-Pelt-31bf194d1a9381eb9efcd48666f7cf3d?pvs=21),,2,Trapper,0,2,0
Boar Riding Gloves,Perfect Boar Pelt (https://app.notion.com/p/Perfect-Boar-Pelt-31bf194d1a938121ab2dcbfe4ba02ff1?pvs=21),,1,Trapper,0,1,0
Boar Tusk Talisman,Legendary Boar Tusk (https://app.notion.com/p/Legendary-Boar-Tusk-31bf194d1a9381d4b88dc73cf34c6b6d?pvs=21),,1,Fence,1,0,0
Boar Tusk Talisman,,Gold Earring (https://app.notion.com/p/Gold-Earring-31bf194d1a9381fea1d9c6932214d62b?pvs=21),1,Fence,1,0,0
Boar Tusk Talisman,,Cobalt Petrified Wood (https://app.notion.com/p/Cobalt-Petrified-Wood-31bf194d1a9381129992f3daac8f5952?pvs=21),1,Fence,1,0,0
Buck Antler Trinket,Legendary Buck Antler (https://app.notion.com/p/Legendary-Buck-Antler-31bf194d1a938188920bf80315048fd7?pvs=21),,1,Fence,1,0,0
Buck Riding Gloves,Perfect Buck Pelt (https://app.notion.com/p/Perfect-Buck-Pelt-31bf194d1a93813498f5cd581a6b3b2d?pvs=21),,1,Trapper,0,1,0
Bull Fowler Boots,Perfect Bull Hide (https://app.notion.com/p/Perfect-Bull-Hide-31bf194d1a938126930ed2cc03e01ac8?pvs=21),,1,Trapper,0,1,0
Bull Fowler Boots,Perfect Boar Pelt (https://app.notion.com/p/Perfect-Boar-Pelt-31bf194d1a938121ab2dcbfe4ba02ff1?pvs=21),,1,Trapper,0,1,0
Bull Fringed Shotgun Chaps,Perfect Bull Hide (https://app.notion.com/p/Perfect-Bull-Hide-31bf194d1a938126930ed2cc03e01ac8?pvs=21),,1,Trapper,0,1,0
Camp Tables Pronghorn Leather Table Tops,Perfect Pronghorn Hide (https://app.notion.com/p/Perfect-Pronghorn-Hide-31bf194d1a93810285a1d96c34d15b19?pvs=21),,2,Pearson,0,0,2
Chuck Wagon Pronghorn Skull,Perfect Pronghorn Carcass (https://app.notion.com/p/Perfect-Pronghorn-Carcass-31bf194d1a9381c68903e30d5d2cb44d?pvs=21),,1,Pearson,0,0,1
Cougar Cutaway Coat,Perfect Black Bear Pelt (https://app.notion.com/p/Perfect-Black-Bear-Pelt-31bf194d1a9381baa4e8db9d3fac8a0d?pvs=21),,1,Trapper,0,1,0
Cougar Cutaway Coat,Perfect Cougar Pelt (https://app.notion.com/p/Perfect-Cougar-Pelt-31bf194d1a93819cac45c0148639e51d?pvs=21),,2,Trapper,0,2,0
Cougar Fang Trinket,Legendary Cougar Fang (https://app.notion.com/p/Legendary-Cougar-Fang-31bf194d1a9381dab854cd60ec292d50?pvs=21),,1,Fence,1,0,0
Cougar McClelland Saddle,Perfect Cougar Pelt (https://app.notion.com/p/Perfect-Cougar-Pelt-31bf194d1a93819cac45c0148639e51d?pvs=21),,1,Trapper,0,1,0
Country Vest,Perfect Buck Pelt (https://app.notion.com/p/Perfect-Buck-Pelt-31bf194d1a93813498f5cd581a6b3b2d?pvs=21),,1,Trapper,0,1,0
Country Vest,Perfect Beaver Pelt (https://app.notion.com/p/Perfect-Beaver-Pelt-31bf194d1a938194a77fdcc030e3794e?pvs=21),,1,Trapper,0,1,0
Coyote Fang Trinket,Legendary Coyote Fang (https://app.notion.com/p/Legendary-Coyote-Fang-31bf194d1a9381babd35e52568fdfb7e?pvs=21),,1,Fence,1,0,0
Coyote Gambler’s Hat,Perfect Coyote Pelt (https://app.notion.com/p/Perfect-Coyote-Pelt-31bf194d1a9381ed9cedf562a5c37144?pvs=21),,2,Trapper,0,2,0
Coyote Scout Jacket,Perfect Ox Hide (https://app.notion.com/p/Perfect-Ox-Hide-31bf194d1a9381f08c8cfb89a179b9d1?pvs=21),,1,Trapper,0,1,0
Coyote Scout Jacket,Perfect Coyote Pelt (https://app.notion.com/p/Perfect-Coyote-Pelt-31bf194d1a9381ed9cedf562a5c37144?pvs=21),,1,Trapper,0,1,0
Deer Cavalry Hat,Raven Feather (https://app.notion.com/p/Raven-Feather-31bf194d1a938129943bda42d9d150f4?pvs=21),,10,Trapper,0,10,0
Deer Cavalry Hat,Perfect Deer Pelt (https://app.notion.com/p/Perfect-Deer-Pelt-31bf194d1a9381e49a23dcdd2056f19f?pvs=21),,1,Trapper,0,1,0
Deer Pelt Half Chaps,Perfect Deer Pelt (https://app.notion.com/p/Perfect-Deer-Pelt-31bf194d1a9381e49a23dcdd2056f19f?pvs=21),,1,Trapper,0,1,0
Elk Antler Trinket,Legendary Elk Antler (https://app.notion.com/p/Legendary-Elk-Antler-31bf194d1a9381959de3e316681ccb95?pvs=21),,1,Fence,1,0,0
Elk Flop Hat,Perfect Elk Pelt (https://app.notion.com/p/Perfect-Elk-Pelt-31bf194d1a9381a78a69dc4c82dc45c9?pvs=21),,1,Trapper,0,1,0
Elk Fringed Shotgun Chaps,Perfect Elk Pelt (https://app.notion.com/p/Perfect-Elk-Pelt-31bf194d1a9381a78a69dc4c82dc45c9?pvs=21),,1,Trapper,0,1,0
Elk Riding Gloves,Perfect Elk Pelt (https://app.notion.com/p/Perfect-Elk-Pelt-31bf194d1a9381a78a69dc4c82dc45c9?pvs=21),,1,Trapper,0,1,0
Fox Claw Trinket,Legendary Fox Claw (https://app.notion.com/p/Legendary-Fox-Claw-31bf194d1a93819ba596eee3eaffd7ec?pvs=21),,1,Fence,1,0,0
Fox Mountain Hat,Perfect Fox Pelt (https://app.notion.com/p/Perfect-Fox-Pelt-31bf194d1a9381409cf6e3ae156ea4f5?pvs=21),,1,Trapper,0,1,0
Gila Monster Gambler’s Hat,Perfect Gila Monster Skin (https://app.notion.com/p/Perfect-Gila-Monster-Skin-31bf194d1a9381cc9598f6dd029e0a8b?pvs=21),,1,Trapper,0,1,0
Gila Monster Gambler’s Hat,Perfect Elk Pelt (https://app.notion.com/p/Perfect-Elk-Pelt-31bf194d1a9381a78a69dc4c82dc45c9?pvs=21),,1,Trapper,0,1,0
Glorious Accessory,Woodpecker Feather (https://app.notion.com/p/Woodpecker-Feather-31bf194d1a9381919014de5dad6082bd?pvs=21),,4,Trapper,0,4,0
Glorious Accessory,Oriole Feather (https://app.notion.com/p/Oriole-Feather-31bf194d1a9381209116f4cbe8bc3c82?pvs=21),,1,Trapper,0,1,0
Goat Flop Hat,Perfect Goat Hide (https://app.notion.com/p/Perfect-Goat-Hide-31bf194d1a9381cc9ac4de70787471d2?pvs=21),,1,Trapper,0,1,0
Goat Flop Hat,Perfect Pronghorn Hide (https://app.notion.com/p/Perfect-Pronghorn-Hide-31bf194d1a93810285a1d96c34d15b19?pvs=21),,1,Trapper,0,1,0
Grenadier Hat,Perfect Muskrat Pelt (https://app.notion.com/p/Perfect-Muskrat-Pelt-31bf194d1a93812db5a8da56c1f649b9?pvs=21),,1,Trapper,0,1,0
Grenadier Hat,Perfect Beaver Pelt (https://app.notion.com/p/Perfect-Beaver-Pelt-31bf194d1a938194a77fdcc030e3794e?pvs=21),,1,Trapper,0,1,0
Hinterland Vest,Perfect Ram Hide (https://app.notion.com/p/Perfect-Ram-Hide-31bf194d1a9381e496f0d57e8c2883df?pvs=21),,1,Trapper,0,1,0
Homestead Accessory,Goose Feather (https://app.notion.com/p/Goose-Feather-31bf194d1a9381819079f425308081c6?pvs=21),,2,Trapper,0,2,0
Homestead Accessory,Chicken Feather (https://app.notion.com/p/Chicken-Feather-31bf194d1a938127b6daf9f1234bd61c?pvs=21),,1,Trapper,0,1,0
Huntsman Accessory,Quail Feather (https://app.notion.com/p/Quail-Feather-31bf194d1a9381fb965bf55b15ccd82b?pvs=21),,2,Trapper,0,2,0
Huntsman Accessory,Perfect Boar Pelt (https://app.notion.com/p/Perfect-Boar-Pelt-31bf194d1a938121ab2dcbfe4ba02ff1?pvs=21),,1,Trapper,0,1,0
Huntsman Accessory,Hawk Feather (https://app.notion.com/p/Hawk-Feather-31bf194d1a9381e5912fe28d21ffe176?pvs=21),,1,Trapper,0,1,0
Huntsman Vest,Perfect Deer Pelt (https://app.notion.com/p/Perfect-Deer-Pelt-31bf194d1a9381e49a23dcdd2056f19f?pvs=21),,1,Trapper,0,1,0
Huntsman Vest,Perfect Sheep Hide (https://app.notion.com/p/Perfect-Sheep-Hide-31bf194d1a9381c89e9eef041ea10dcc?pvs=21),,1,Trapper,0,1,0
Iguana Big Valley Hat,Perfect Cow Hide (https://app.notion.com/p/Perfect-Cow-Hide-31bf194d1a9381c8aa6ff7e692b6fd76?pvs=21),,1,Trapper,0,1,0
Iguana Big Valley Hat,Perfect Iguana Skin (https://app.notion.com/p/Perfect-Iguana-Skin-31bf194d1a93812c8761d9921f60b9be?pvs=21),,1,Trapper,0,1,0
Iguana Range Gloves,Perfect Collared Peccary Pig Pelt (https://app.notion.com/p/Perfect-Collared-Peccary-Pig-Pelt-31bf194d1a9381fd8402f111a63fb547?pvs=21),,1,Trapper,0,1,0
Iguana Range Gloves,Perfect Iguana Skin (https://app.notion.com/p/Perfect-Iguana-Skin-31bf194d1a93812c8761d9921f60b9be?pvs=21),,2,Trapper,0,2,0
Ingredients Satchel,Perfect Squirrel Pelt (https://app.notion.com/p/Perfect-Squirrel-Pelt-31bf194d1a9381d9ab4ec9c63e0a47af?pvs=21),,1,Pearson,0,0,1
Ingredients Satchel,Perfect Badger Pelt (https://app.notion.com/p/Perfect-Badger-Pelt-31bf194d1a938193974ce04d68ff08d7?pvs=21),,1,Pearson,0,0,1
Ingredients Satchel,Perfect Deer Pelt (https://app.notion.com/p/Perfect-Deer-Pelt-31bf194d1a9381e49a23dcdd2056f19f?pvs=21),,1,Pearson,0,0,1
Javelina Half Chaps,Perfect Collared Peccary Pig Pelt (https://app.notion.com/p/Perfect-Collared-Peccary-Pig-Pelt-31bf194d1a9381fd8402f111a63fb547?pvs=21),,1,Trapper,0,1,0
Javelina Half Chaps,Perfect Snake Skin (https://app.notion.com/p/Perfect-Snake-Skin-31bf194d1a938172b579f952611168e3?pvs=21),,1,Trapper,0,1,0
Javelina Moccasins,Perfect Collared Peccary Pig Pelt (https://app.notion.com/p/Perfect-Collared-Peccary-Pig-Pelt-31bf194d1a9381fd8402f111a63fb547?pvs=21),,2,Trapper,0,2,0
John's Lodging Boar Skin Rug,Perfect Boar Pelt (https://app.notion.com/p/Perfect-Boar-Pelt-31bf194d1a938121ab2dcbfe4ba02ff1?pvs=21),,4,Pearson,0,0,4
Judicious Accessory,Pheasant Feather (https://app.notion.com/p/Pheasant-Feather-31bf194d1a938189b298fd4cf6e11232?pvs=21),,1,Trapper,0,1,0
Judicious Accessory,Owl Feather (https://app.notion.com/p/Owl-Feather-31bf194d1a9381839245dac0af82b2f8?pvs=21),,1,Trapper,0,1,0
Kit Satchel,Perfect Deer Pelt (https://app.notion.com/p/Perfect-Deer-Pelt-31bf194d1a9381e49a23dcdd2056f19f?pvs=21),,1,Pearson,0,0,1
Kit Satchel,Perfect Panther Pelt (https://app.notion.com/p/Perfect-Panther-Pelt-31bf194d1a9381319886f8d10f92328b?pvs=21),,1,Pearson,0,0,1
Kit Satchel,Perfect Elk Pelt (https://app.notion.com/p/Perfect-Elk-Pelt-31bf194d1a9381a78a69dc4c82dc45c9?pvs=21),,1,Pearson,0,0,1
Legend of the East Satchel,Perfect Deer Pelt (https://app.notion.com/p/Perfect-Deer-Pelt-31bf194d1a9381e49a23dcdd2056f19f?pvs=21),,1,Pearson,0,0,1
Legend of the East Satchel,Perfect Wolf Pelt (https://app.notion.com/p/Perfect-Wolf-Pelt-31bf194d1a938167be3cf65c92c36ee9?pvs=21),,1,Pearson,0,0,1
Legend of the East Satchel,Perfect Cougar Pelt (https://app.notion.com/p/Perfect-Cougar-Pelt-31bf194d1a93819cac45c0148639e51d?pvs=21),,1,Pearson,0,0,1
Legendary Alligator Fowlers,Legendary Alligator Skin (https://app.notion.com/p/Legendary-Alligator-Skin-31bf194d1a9381dbbd2af6f1b0b8d1c4?pvs=21),,1,Trapper,0,1,0
Legendary Alligator Gambler’s Hat,Legendary Alligator Skin (https://app.notion.com/p/Legendary-Alligator-Skin-31bf194d1a9381dbbd2af6f1b0b8d1c4?pvs=21),,1,Trapper,0,1,0
Legendary Alligator Gambler’s Hat,Perfect Snake Skin (https://app.notion.com/p/Perfect-Snake-Skin-31bf194d1a938172b579f952611168e3?pvs=21),,2,Trapper,0,2,0
Legendary Alligator Vest,Legendary Alligator Skin (https://app.notion.com/p/Legendary-Alligator-Skin-31bf194d1a9381dbbd2af6f1b0b8d1c4?pvs=21),,1,Trapper,0,1,0
Legendary Bear Coat,Perfect Bison Pelt (https://app.notion.com/p/Perfect-Bison-Pelt-31bf194d1a938171ba25d7a497b3eb8b?pvs=21),,1,Trapper,0,1,0
Legendary Bear Coat,Legendary Bear Pelt (https://app.notion.com/p/Legendary-Bear-Pelt-31bf194d1a93817da5d2e77335e0a511?pvs=21),,1,Trapper,0,1,0
Legendary Bear Head Hat,Legendary Bear Pelt (https://app.notion.com/p/Legendary-Bear-Pelt-31bf194d1a93817da5d2e77335e0a511?pvs=21),,1,Trapper,0,1,0
Legendary Bear Roper,Legendary Bear Pelt (https://app.notion.com/p/Legendary-Bear-Pelt-31bf194d1a93817da5d2e77335e0a511?pvs=21),,1,Trapper,0,1,0
Legendary Bear Roper,Perfect Bull Hide (https://app.notion.com/p/Perfect-Bull-Hide-31bf194d1a938126930ed2cc03e01ac8?pvs=21),,1,Trapper,0,1,0
Legendary Beaver Cavalry Gloves,Legendary Beaver Pelt (https://app.notion.com/p/Legendary-Beaver-Pelt-31bf194d1a9381549668c83424a6682a?pvs=21),,1,Trapper,0,1,0
Legendary Beaver Flop Hat,Legendary Boar Pelt (https://app.notion.com/p/Legendary-Boar-Pelt-31bf194d1a9381db8633e2df5a85058c?pvs=21),,1,Trapper,0,1,0
Legendary Beaver Flop Hat,Cardinal Feather (https://app.notion.com/p/Cardinal-Feather-31bf194d1a9381729381c954aeea4b0a?pvs=21),,1,Trapper,0,1,0
Legendary Beaver Flop Hat,Legendary Beaver Pelt (https://app.notion.com/p/Legendary-Beaver-Pelt-31bf194d1a9381549668c83424a6682a?pvs=21),,1,Trapper,0,1,0
Legendary Bison Batwing Chaps,Legendary Tatanka Bison Pelt (https://app.notion.com/p/Legendary-Tatanka-Bison-Pelt-31bf194d1a9381f2a655f1fda506e414?pvs=21),,1,Trapper,0,1,0
Legendary Bison Vest,Legendary Tatanka Bison Pelt (https://app.notion.com/p/Legendary-Tatanka-Bison-Pelt-31bf194d1a9381f2a655f1fda506e414?pvs=21),,1,Trapper,0,1,0
Legendary Boar & Bison Fowlers,Legendary Tatanka Bison Pelt (https://app.notion.com/p/Legendary-Tatanka-Bison-Pelt-31bf194d1a9381f2a655f1fda506e414?pvs=21),,1,Trapper,0,1,0
Legendary Boar & Bison Fowlers,Legendary Boar Pelt (https://app.notion.com/p/Legendary-Boar-Pelt-31bf194d1a9381db8633e2df5a85058c?pvs=21),,1,Trapper,0,1,0
Legendary Buck & Fox Range Gloves,Legendary Fox Pelt (https://app.notion.com/p/Legendary-Fox-Pelt-31bf194d1a93819fbfc5eb4ed9d5bfed?pvs=21),,1,Trapper,0,1,0
Legendary Buck & Fox Range Gloves,Legendary Buck Pelt (https://app.notion.com/p/Legendary-Buck-Pelt-31bf194d1a938147aae5d7371f19b5aa?pvs=21),,1,Trapper,0,1,0
Legendary Buck Vest,Perfect Ram Hide (https://app.notion.com/p/Perfect-Ram-Hide-31bf194d1a9381e496f0d57e8c2883df?pvs=21),,1,Trapper,0,1,0
Legendary Buck Vest,Legendary Buck Pelt (https://app.notion.com/p/Legendary-Buck-Pelt-31bf194d1a938147aae5d7371f19b5aa?pvs=21),,1,Trapper,0,1,0
Legendary Cougar & Wolf Vest,Legendary Cougar Pelt (https://app.notion.com/p/Legendary-Cougar-Pelt-31bf194d1a9381b3a5c5e4f3aea5679b?pvs=21),,1,Trapper,0,1,0
Legendary Cougar & Wolf Vest,Legendary Wolf Pelt (https://app.notion.com/p/Legendary-Wolf-Pelt-31bf194d1a9381a9a514fde93cde58fd?pvs=21),,1,Trapper,0,1,0
Legendary Cougar Flop Hat,Legendary Cougar Pelt (https://app.notion.com/p/Legendary-Cougar-Pelt-31bf194d1a9381b3a5c5e4f3aea5679b?pvs=21),,1,Trapper,0,1,0
Legendary Cougar Flop Hat,Turkey Feather (https://app.notion.com/p/Turkey-Feather-31bf194d1a93812c9fb8c07a1b958255?pvs=21),,2,Trapper,0,2,0
Legendary Cougar Riding Gloves,Perfect Boar Pelt (https://app.notion.com/p/Perfect-Boar-Pelt-31bf194d1a938121ab2dcbfe4ba02ff1?pvs=21),,1,Trapper,0,1,0
Legendary Cougar Riding Gloves,Legendary Cougar Pelt (https://app.notion.com/p/Legendary-Cougar-Pelt-31bf194d1a9381b3a5c5e4f3aea5679b?pvs=21),,1,Trapper,0,1,0
Legendary Coyote Half Chaps,Perfect Fox Pelt (https://app.notion.com/p/Perfect-Fox-Pelt-31bf194d1a9381409cf6e3ae156ea4f5?pvs=21),,2,Trapper,0,2,0
Legendary Coyote Half Chaps,Legendary Coyote Pelt (https://app.notion.com/p/Legendary-Coyote-Pelt-31bf194d1a938119acb2e0132ca679ca?pvs=21),,1,Trapper,0,1,0
Legendary Coyote Mountain Hat,Legendary Coyote Pelt (https://app.notion.com/p/Legendary-Coyote-Pelt-31bf194d1a938119acb2e0132ca679ca?pvs=21),,1,Trapper,0,1,0
Legendary Coyote Mountain Hat,Eagle Feather (https://app.notion.com/p/Eagle-Feather-31bf194d1a9381afa7a2cb96c728aec5?pvs=21),,2,Trapper,0,2,0
Legendary Elk Half Chaps,Perfect Sheep Hide (https://app.notion.com/p/Perfect-Sheep-Hide-31bf194d1a9381c89e9eef041ea10dcc?pvs=21),,1,Trapper,0,1,0
Legendary Elk Half Chaps,Legendary Elk Pelt (https://app.notion.com/p/Legendary-Elk-Pelt-31bf194d1a9381099f2ad1b6035071e5?pvs=21),,1,Trapper,0,1,0
Legendary Elk Moccasins,Legendary Elk Pelt (https://app.notion.com/p/Legendary-Elk-Pelt-31bf194d1a9381099f2ad1b6035071e5?pvs=21),,1,Trapper,0,1,0
Legendary Elk Moccasins,Perfect Goat Hide (https://app.notion.com/p/Perfect-Goat-Hide-31bf194d1a9381cc9ac4de70787471d2?pvs=21),,1,Trapper,0,1,0
Legendary Elk Range Gloves,Legendary Elk Pelt (https://app.notion.com/p/Legendary-Elk-Pelt-31bf194d1a9381099f2ad1b6035071e5?pvs=21),,1,Trapper,0,1,0
Legendary Fox Moccasins,Perfect Elk Pelt (https://app.notion.com/p/Perfect-Elk-Pelt-31bf194d1a9381a78a69dc4c82dc45c9?pvs=21),,1,Trapper,0,1,0
Legendary Fox Moccasins,Legendary Fox Pelt (https://app.notion.com/p/Legendary-Fox-Pelt-31bf194d1a93819fbfc5eb4ed9d5bfed?pvs=21),,1,Trapper,0,1,0
Legendary Moose Hunting Jacket,Perfect Wolf Pelt (https://app.notion.com/p/Perfect-Wolf-Pelt-31bf194d1a938167be3cf65c92c36ee9?pvs=21),,1,Trapper,0,1,0
Legendary Moose Hunting Jacket,Legendary Moose Pelt (https://app.notion.com/p/Legendary-Moose-Pelt-31bf194d1a93819ca12fd1ef767bda65?pvs=21),,1,Trapper,0,1,0
Legendary Moose Moccasins,Legendary Moose Pelt (https://app.notion.com/p/Legendary-Moose-Pelt-31bf194d1a93819ca12fd1ef767bda65?pvs=21),,1,Trapper,0,1,0
Legendary Moose Moccasins,Perfect Cow Hide (https://app.notion.com/p/Perfect-Cow-Hide-31bf194d1a9381c8aa6ff7e692b6fd76?pvs=21),,1,Trapper,0,1,0
Legendary Panther Cloak,Legendary Panther Pelt (https://app.notion.com/p/Legendary-Panther-Pelt-31bf194d1a93815c861bd56c91590c6d?pvs=21),,1,Trapper,0,1,0
Legendary Panther Range Gloves,Legendary Panther Pelt (https://app.notion.com/p/Legendary-Panther-Pelt-31bf194d1a93815c861bd56c91590c6d?pvs=21),,1,Trapper,0,1,0
Legendary Panther Range Gloves,Perfect Gila Monster Skin (https://app.notion.com/p/Perfect-Gila-Monster-Skin-31bf194d1a9381cc9598f6dd029e0a8b?pvs=21),,1,Trapper,0,1,0
Legendary Pronghorn Coat,Legendary Pronghorn Hide (https://app.notion.com/p/Legendary-Pronghorn-Hide-31bf194d1a9381078df5c810d3c6186d?pvs=21),,1,Trapper,0,1,0
Legendary Pronghorn Coat,Perfect Moose Pelt (https://app.notion.com/p/Perfect-Moose-Pelt-31bf194d1a9381fba393d63a7a05229c?pvs=21),,1,Trapper,0,1,0
Legendary Pronghorn Range Gloves,Legendary Pronghorn Hide (https://app.notion.com/p/Legendary-Pronghorn-Hide-31bf194d1a9381078df5c810d3c6186d?pvs=21),,1,Trapper,0,1,0
Legendary Pronghorn Range Gloves,Perfect Muskrat Pelt (https://app.notion.com/p/Perfect-Muskrat-Pelt-31bf194d1a93812db5a8da56c1f649b9?pvs=21),,1,Trapper,0,1,0
Legendary Ram Batwing Chaps,Legendary Ram Hide (https://app.notion.com/p/Legendary-Ram-Hide-31bf194d1a9381e7a905f90239d7d990?pvs=21),,1,Trapper,0,1,0
Legendary Ram Hat,Legendary Ram Hide (https://app.notion.com/p/Legendary-Ram-Hide-31bf194d1a9381e7a905f90239d7d990?pvs=21),,1,Trapper,0,1,0
Legendary Ram Rifleman Gloves,Perfect Boar Pelt (https://app.notion.com/p/Perfect-Boar-Pelt-31bf194d1a938121ab2dcbfe4ba02ff1?pvs=21),,1,Trapper,0,1,0
Legendary Ram Rifleman Gloves,Legendary Ram Hide (https://app.notion.com/p/Legendary-Ram-Hide-31bf194d1a9381e7a905f90239d7d990?pvs=21),,1,Trapper,0,1,0
Legendary White Bison Coat,Legendary White Bison Pelt (https://app.notion.com/p/Legendary-White-Bison-Pelt-31bf194d1a938101a115e3d07cc1af25?pvs=21),,1,Trapper,0,1,0
Legendary White Bison Hat,Legendary White Bison Pelt (https://app.notion.com/p/Legendary-White-Bison-Pelt-31bf194d1a938101a115e3d07cc1af25?pvs=21),,1,Trapper,0,1,0
Legendary Wolf Batwing Chaps,Legendary Wolf Pelt (https://app.notion.com/p/Legendary-Wolf-Pelt-31bf194d1a9381a9a514fde93cde58fd?pvs=21),,1,Trapper,0,1,0
Legendary Wolf Batwing Chaps,Perfect Goat Hide (https://app.notion.com/p/Perfect-Goat-Hide-31bf194d1a9381cc9ac4de70787471d2?pvs=21),,1,Trapper,0,1,0
Lion's Paw Trinket,Lion Paw (https://app.notion.com/p/Lion-Paw-31bf194d1a9381c48be3ca3984885118?pvs=21),,1,Fence,1,0,0
Main Camp Campfire Log Seat Cover,Perfect Wolf Pelt (https://app.notion.com/p/Perfect-Wolf-Pelt-31bf194d1a938167be3cf65c92c36ee9?pvs=21),,2,Pearson,0,0,2
Main Camp Campfire Seat Cover,Perfect Muskrat Pelt (https://app.notion.com/p/Perfect-Muskrat-Pelt-31bf194d1a93812db5a8da56c1f649b9?pvs=21),,1,Pearson,0,0,1
Main Camp Campfire Seat Cover,Perfect Fox Pelt (https://app.notion.com/p/Perfect-Fox-Pelt-31bf194d1a9381409cf6e3ae156ea4f5?pvs=21),,1,Pearson,0,0,1
Main Camp Campfire Seat Cover,Perfect Beaver Pelt (https://app.notion.com/p/Perfect-Beaver-Pelt-31bf194d1a938194a77fdcc030e3794e?pvs=21),,1,Pearson,0,0,1
Main Camp Lean-to Hide Ground Cover,Perfect Cow Hide (https://app.notion.com/p/Perfect-Cow-Hide-31bf194d1a9381c8aa6ff7e692b6fd76?pvs=21),,1,Pearson,0,0,1
Main Camp Moose Antlers,Moose Antler (https://app.notion.com/p/Moose-Antler-31bf194d1a93812984b8efc6366686c8?pvs=21),,1,Pearson,0,0,1
Main Camp Snake Skin Banjo Head,Perfect Snake Skin (https://app.notion.com/p/Perfect-Snake-Skin-31bf194d1a938172b579f952611168e3?pvs=21),,2,Pearson,0,0,2
Main Camp Wolf Skull,Perfect Wolf Carcass (https://app.notion.com/p/Perfect-Wolf-Carcass-31bf194d1a9381a097bbe1b7ea840cb2?pvs=21),,1,Pearson,0,0,1
Majestic Accessory,Rooster Feather (https://app.notion.com/p/Rooster-Feather-31bf194d1a938103b373c6e0d8256bfa?pvs=21),,4,Trapper,0,4,0
Majestic Accessory,Songbird Feather (https://app.notion.com/p/Songbird-Feather-31bf194d1a93815782dfc8970dc773b9?pvs=21),,2,Trapper,0,2,0
Majestic Accessory,Woodpecker Feather (https://app.notion.com/p/Woodpecker-Feather-31bf194d1a9381919014de5dad6082bd?pvs=21),,2,Trapper,0,2,0
Materials Satchel,Perfect Deer Pelt (https://app.notion.com/p/Perfect-Deer-Pelt-31bf194d1a9381e49a23dcdd2056f19f?pvs=21),,1,Pearson,0,0,1
Materials Satchel,Perfect Boar Pelt (https://app.notion.com/p/Perfect-Boar-Pelt-31bf194d1a938121ab2dcbfe4ba02ff1?pvs=21),,1,Pearson,0,0,1
Materials Satchel,Perfect Iguana Skin (https://app.notion.com/p/Perfect-Iguana-Skin-31bf194d1a93812c8761d9921f60b9be?pvs=21),,1,Pearson,0,0,1
Moccasins,Perfect Buck Pelt (https://app.notion.com/p/Perfect-Buck-Pelt-31bf194d1a93813498f5cd581a6b3b2d?pvs=21),,1,Trapper,0,1,0
Moose Antler Trinket,Legendary Moose Antler (https://app.notion.com/p/Legendary-Moose-Antler-31bf194d1a9381dfb3eecd6d24915da8?pvs=21),,1,Fence,1,0,0
Moose Batwing Chaps,Perfect Moose Pelt (https://app.notion.com/p/Perfect-Moose-Pelt-31bf194d1a9381fba393d63a7a05229c?pvs=21),,1,Trapper,0,1,0
Moose Half Chaps,Perfect Moose Pelt (https://app.notion.com/p/Perfect-Moose-Pelt-31bf194d1a9381fba393d63a7a05229c?pvs=21),,1,Trapper,0,1,0
Moose Range Gloves,Perfect Moose Pelt (https://app.notion.com/p/Perfect-Moose-Pelt-31bf194d1a9381fba393d63a7a05229c?pvs=21),,1,Trapper,0,1,0
Muskrat Cavalry Hat,Perfect Rabbit Pelt (https://app.notion.com/p/Perfect-Rabbit-Pelt-31bf194d1a9381eb9efcd48666f7cf3d?pvs=21),,4,Trapper,0,4,0
Muskrat Cavalry Hat,Perfect Muskrat Pelt (https://app.notion.com/p/Perfect-Muskrat-Pelt-31bf194d1a93812db5a8da56c1f649b9?pvs=21),,1,Trapper,0,1,0
Muskrat Half Chaps,Perfect Muskrat Pelt (https://app.notion.com/p/Perfect-Muskrat-Pelt-31bf194d1a93812db5a8da56c1f649b9?pvs=21),,2,Trapper,0,2,0
Native Accessory,Pheasant Feather (https://app.notion.com/p/Pheasant-Feather-31bf194d1a938189b298fd4cf6e11232?pvs=21),,1,Trapper,0,1,0
Native Accessory,Robin Feather (https://app.notion.com/p/Robin-Feather-31bf194d1a9381bcbeb8f832bdd21ebd?pvs=21),,3,Trapper,0,3,0
Native Accessory,Sparrow Feather (https://app.notion.com/p/Sparrow-Feather-31bf194d1a93811fb3a4d4a574614730?pvs=21),,4,Trapper,0,4,0
No Man’s Vest,Perfect Panther Pelt (https://app.notion.com/p/Perfect-Panther-Pelt-31bf194d1a9381319886f8d10f92328b?pvs=21),,1,Trapper,0,1,0
No Man’s Vest,Perfect Goat Hide (https://app.notion.com/p/Perfect-Goat-Hide-31bf194d1a9381cc9ac4de70787471d2?pvs=21),,1,Trapper,0,1,0
Outdoorsmen Vest,Perfect Pronghorn Hide (https://app.notion.com/p/Perfect-Pronghorn-Hide-31bf194d1a93810285a1d96c34d15b19?pvs=21),,1,Trapper,0,1,0
Ox Fringed Shotgun Chaps,Perfect Ox Hide (https://app.notion.com/p/Perfect-Ox-Hide-31bf194d1a9381f08c8cfb89a179b9d1?pvs=21),,1,Trapper,0,1,0
Panther Trail Saddle,Perfect Panther Pelt (https://app.notion.com/p/Perfect-Panther-Pelt-31bf194d1a9381319886f8d10f92328b?pvs=21),,1,Trapper,0,1,0
Panther's Eye Trinket,Legendary Panther Eye (https://app.notion.com/p/Legendary-Panther-Eye-31bf194d1a938175b914c447de5e1afd?pvs=21),,1,Fence,1,0,0
Pigskin Rifleman Gloves,Perfect Pig Hide (https://app.notion.com/p/Perfect-Pig-Hide-31bf194d1a9381a5b519e164426042a6?pvs=21),,1,Trapper,0,1,0
Pilgrim Accessory,Blue Jay Feather (https://app.notion.com/p/Blue-Jay-Feather-31bf194d1a9381249593eaa8f7bddf33?pvs=21),,3,Trapper,0,3,0
Pilgrim Accessory,Cedar Waxwing Feather (https://app.notion.com/p/Cedar-Waxwing-Feather-31bf194d1a9381a0823df1ca9dc991c6?pvs=21),,2,Trapper,0,2,0
Pilgrim Accessory,Turkey Feather (https://app.notion.com/p/Turkey-Feather-31bf194d1a93812c9fb8c07a1b958255?pvs=21),,1,Trapper,0,1,0
Pioneer Accessory,Turkey Feather (https://app.notion.com/p/Turkey-Feather-31bf194d1a93812c9fb8c07a1b958255?pvs=21),,3,Trapper,0,3,0
Pioneer Accessory,Chicken Feather (https://app.notion.com/p/Chicken-Feather-31bf194d1a938127b6daf9f1234bd61c?pvs=21),,3,Trapper,0,3,0
Pioneer Accessory,Duck Feather (https://app.notion.com/p/Duck-Feather-31bf194d1a9381cc9ed9f0762b6dc413?pvs=21),,3,Trapper,0,3,0
Plantation Slouch Hat,Perfect Bison Pelt (https://app.notion.com/p/Perfect-Bison-Pelt-31bf194d1a938171ba25d7a497b3eb8b?pvs=21),,1,Trapper,0,1,0
Principal Vest,Perfect Deer Pelt (https://app.notion.com/p/Perfect-Deer-Pelt-31bf194d1a9381e49a23dcdd2056f19f?pvs=21),,1,Trapper,0,1,0
Principal Vest,Perfect Cow Hide (https://app.notion.com/p/Perfect-Cow-Hide-31bf194d1a9381c8aa6ff7e692b6fd76?pvs=21),,1,Trapper,0,1,0
Pronghorn Flop Hat,Perfect Pronghorn Hide (https://app.notion.com/p/Perfect-Pronghorn-Hide-31bf194d1a93810285a1d96c34d15b19?pvs=21),,1,Trapper,0,1,0
Pronghorn Flop Hat,Perfect Opossum Pelt (https://app.notion.com/p/Perfect-Opossum-Pelt-31bf194d1a9381d99f30e8c4fb8d0202?pvs=21),,4,Trapper,0,4,0
Pronghorn Half Chaps,Perfect Pronghorn Hide (https://app.notion.com/p/Perfect-Pronghorn-Hide-31bf194d1a93810285a1d96c34d15b19?pvs=21),,1,Trapper,0,1,0
Pronghorn Horn Trinket,Legendary Pronghorn Horn (https://app.notion.com/p/Legendary-Pronghorn-Horn-31bf194d1a9381cbb38cce6c0b0de721?pvs=21),,1,Fence,1,0,0
Provisions Satchel,Perfect Deer Pelt (https://app.notion.com/p/Perfect-Deer-Pelt-31bf194d1a9381e49a23dcdd2056f19f?pvs=21),,1,Pearson,0,0,1
Provisions Satchel,Perfect Raccoon Pelt (https://app.notion.com/p/Perfect-Raccoon-Pelt-31bf194d1a938177a2e2cdbe9130fb9f?pvs=21),,1,Pearson,0,0,1
Provisions Satchel,Perfect Bison Pelt (https://app.notion.com/p/Perfect-Bison-Pelt-31bf194d1a938171ba25d7a497b3eb8b?pvs=21),,1,Pearson,0,0,1
Pursuer Accessory,Eagle Feather (https://app.notion.com/p/Eagle-Feather-31bf194d1a9381afa7a2cb96c728aec5?pvs=21),,2,Trapper,0,2,0
Pursuer Accessory,Pigeon Feather (https://app.notion.com/p/Pigeon-Feather-31bf194d1a938116ae77dd40d1a30525?pvs=21),,2,Trapper,0,2,0
Raccoon Mountain Hat,Perfect Beaver Pelt (https://app.notion.com/p/Perfect-Beaver-Pelt-31bf194d1a938194a77fdcc030e3794e?pvs=21),,1,Trapper,0,1,0
Raccoon Mountain Hat,Perfect Raccoon Pelt (https://app.notion.com/p/Perfect-Raccoon-Pelt-31bf194d1a938177a2e2cdbe9130fb9f?pvs=21),,1,Trapper,0,1,0
Raccoon Mountain Hat,Hawk Feather (https://app.notion.com/p/Hawk-Feather-31bf194d1a9381e5912fe28d21ffe176?pvs=21),,2,Trapper,0,2,0
Ram Horn Trinket,Legendary Ram Horn (https://app.notion.com/p/Legendary-Ram-Horn-31bf194d1a9381459747cc429c6c48d1?pvs=21),,1,Fence,1,0,0
Ram Shotgun Coat,Perfect Ram Hide (https://app.notion.com/p/Perfect-Ram-Hide-31bf194d1a9381e496f0d57e8c2883df?pvs=21),,2,Trapper,0,2,0
Ram Sombrero,Perfect Ram Hide (https://app.notion.com/p/Perfect-Ram-Hide-31bf194d1a9381e496f0d57e8c2883df?pvs=21),,1,Trapper,0,1,0
Rat Flat Cap,Perfect Rat Pelt (https://app.notion.com/p/Perfect-Rat-Pelt-31bf194d1a93811a90a1d368492c1a4a?pvs=21),,10,Trapper,0,10,0
Rat Infantry Hardee Hat,Perfect Rat Pelt (https://app.notion.com/p/Perfect-Rat-Pelt-31bf194d1a93811a90a1d368492c1a4a?pvs=21),,6,Trapper,0,6,0
Rat Infantry Hardee Hat,Perfect Goat Hide (https://app.notion.com/p/Perfect-Goat-Hide-31bf194d1a9381cc9ac4de70787471d2?pvs=21),,1,Trapper,0,1,0
Rattlesnake Vaquero Saddle,Perfect Snake Skin (https://app.notion.com/p/Perfect-Snake-Skin-31bf194d1a938172b579f952611168e3?pvs=21),,10,Trapper,0,10,0
Raven Claw Talisman,,Old Brass Compass (https://app.notion.com/p/Old-Brass-Compass-31bf194d1a9381b68f00d381af39e1d0?pvs=21),1,Fence,1,0,0
Rococo Accessory,Cardinal Feather (https://app.notion.com/p/Cardinal-Feather-31bf194d1a9381729381c954aeea4b0a?pvs=21),,2,Trapper,0,2,0
Rococo Accessory,Crow Feather (https://app.notion.com/p/Crow-Feather-31bf194d1a93818d9573dd887896c549?pvs=21),,2,Trapper,0,2,0
Rugged Wrangler Vest,Perfect Pig Hide (https://app.notion.com/p/Perfect-Pig-Hide-31bf194d1a9381a5b519e164426042a6?pvs=21),,1,Trapper,0,1,0
Rustic Vest,Perfect Cougar Pelt (https://app.notion.com/p/Perfect-Cougar-Pelt-31bf194d1a93819cac45c0148639e51d?pvs=21),,1,Trapper,0,1,0
Scavenger Accessory,Seagull Feather (https://app.notion.com/p/Seagull-Feather-31bf194d1a9381ecbbd6e9b50c2e4b1b?pvs=21),,1,Trapper,0,1,0
Scavenger Accessory,Vulture Feather (https://app.notion.com/p/Vulture-Feather-31bf194d1a938176be4eeaa3c5fda8e3?pvs=21),,1,Trapper,0,1,0
Scout Camp Elk Antlers,Elk Antler (https://app.notion.com/p/Elk-Antler-31bf194d1a93814b9b90ff13ed40dea8?pvs=21),,1,Pearson,0,0,1
Scout Camp Hanging Bones,Buck Antler (https://app.notion.com/p/Buck-Antler-31bf194d1a9381038f0edafd6e8809f1?pvs=21),,1,Pearson,0,0,1
Scout Camp Scout Fire Ground Cover,Perfect Goat Hide (https://app.notion.com/p/Perfect-Goat-Hide-31bf194d1a9381cc9ac4de70787471d2?pvs=21),,2,Pearson,0,0,2
Sheep Batwing Chaps,Perfect Sheep Hide (https://app.notion.com/p/Perfect-Sheep-Hide-31bf194d1a9381c89e9eef041ea10dcc?pvs=21),,2,Trapper,0,2,0
Sheepskin Vest,Perfect Sheep Hide (https://app.notion.com/p/Perfect-Sheep-Hide-31bf194d1a9381c89e9eef041ea10dcc?pvs=21),,2,Trapper,0,2,0
Skunk Mountain Hat,Perfect Skunk Pelt (https://app.notion.com/p/Perfect-Skunk-Pelt-31bf194d1a9381898ab3eac47ceb97cf?pvs=21),,1,Trapper,0,1,0
Skunk Trapper Boots,Perfect Skunk Pelt (https://app.notion.com/p/Perfect-Skunk-Pelt-31bf194d1a9381898ab3eac47ceb97cf?pvs=21),,2,Trapper,0,2,0
Snake Bulldogger Hat,Perfect Sheep Hide (https://app.notion.com/p/Perfect-Sheep-Hide-31bf194d1a9381c89e9eef041ea10dcc?pvs=21),,1,Trapper,0,1,0
Snake Bulldogger Hat,Perfect Snake Skin (https://app.notion.com/p/Perfect-Snake-Skin-31bf194d1a938172b579f952611168e3?pvs=21),,1,Trapper,0,1,0
Snake Skin Cavalry Gloves,Perfect Boar Pelt (https://app.notion.com/p/Perfect-Boar-Pelt-31bf194d1a938121ab2dcbfe4ba02ff1?pvs=21),,1,Trapper,0,1,0
Snake Skin Cavalry Gloves,Perfect Snake Skin (https://app.notion.com/p/Perfect-Snake-Skin-31bf194d1a938172b579f952611168e3?pvs=21),,1,Trapper,0,1,0
Squirrel Flat Cap,Perfect Squirrel Pelt (https://app.notion.com/p/Perfect-Squirrel-Pelt-31bf194d1a9381d9ab4ec9c63e0a47af?pvs=21),,6,Trapper,0,6,0
Stalker Accessory,Loon Feather (https://app.notion.com/p/Loon-Feather-31bf194d1a93813c8f0dcdcb602fc491?pvs=21),,2,Trapper,0,2,0
Stalker Accessory,Raven Feather (https://app.notion.com/p/Raven-Feather-31bf194d1a938129943bda42d9d150f4?pvs=21),,3,Trapper,0,3,0
Stalker Accessory,Condor Feather (https://app.notion.com/p/Condor-Feather-31bf194d1a9381a4a4a9e8edae80d202?pvs=21),,1,Trapper,0,1,0
Tatanka Bison Horn Trinket,Legendary Tatanka Bison Horn (https://app.notion.com/p/Legendary-Tatanka-Bison-Horn-31bf194d1a938126a8abe8475b2c37d9?pvs=21),,1,Fence,1,0,0
Tonics Satchel,Perfect Deer Pelt (https://app.notion.com/p/Perfect-Deer-Pelt-31bf194d1a9381e49a23dcdd2056f19f?pvs=21),,1,Pearson,0,0,1
Tonics Satchel,Perfect Elk Pelt (https://app.notion.com/p/Perfect-Elk-Pelt-31bf194d1a9381a78a69dc4c82dc45c9?pvs=21),,1,Pearson,0,0,1
Tonics Satchel,Perfect Buck Pelt (https://app.notion.com/p/Perfect-Buck-Pelt-31bf194d1a93813498f5cd581a6b3b2d?pvs=21),,1,Pearson,0,0,1
Trapper’s Cloak,Perfect Sheep Hide (https://app.notion.com/p/Perfect-Sheep-Hide-31bf194d1a9381c89e9eef041ea10dcc?pvs=21),,1,Trapper,0,1,0
Two Toned Moccasins,Perfect Buck Pelt (https://app.notion.com/p/Perfect-Buck-Pelt-31bf194d1a93813498f5cd581a6b3b2d?pvs=21),,1,Trapper,0,1,0
Valuables Satchel,Perfect Rabbit Pelt (https://app.notion.com/p/Perfect-Rabbit-Pelt-31bf194d1a9381eb9efcd48666f7cf3d?pvs=21),,1,Pearson,0,0,1
Valuables Satchel,Perfect Deer Pelt (https://app.notion.com/p/Perfect-Deer-Pelt-31bf194d1a9381e49a23dcdd2056f19f?pvs=21),,1,Pearson,0,0,1
Valuables Satchel,Perfect Beaver Pelt (https://app.notion.com/p/Perfect-Beaver-Pelt-31bf194d1a938194a77fdcc030e3794e?pvs=21),,1,Pearson,0,0,1
Wilderness Vest,Perfect Wolf Pelt (https://app.notion.com/p/Perfect-Wolf-Pelt-31bf194d1a938167be3cf65c92c36ee9?pvs=21),,1,Trapper,0,1,0
Wilderness Vest,Perfect Panther Pelt (https://app.notion.com/p/Perfect-Panther-Pelt-31bf194d1a9381319886f8d10f92328b?pvs=21),,1,Trapper,0,1,0
Winter Cavalry Gloves,Perfect Muskrat Pelt (https://app.notion.com/p/Perfect-Muskrat-Pelt-31bf194d1a93812db5a8da56c1f649b9?pvs=21),,2,Trapper,0,2,0
Winter Cavalry Gloves,Perfect Rabbit Pelt (https://app.notion.com/p/Perfect-Rabbit-Pelt-31bf194d1a9381eb9efcd48666f7cf3d?pvs=21),,1,Trapper,0,1,0
Wolf Coat,Perfect Wolf Pelt (https://app.notion.com/p/Perfect-Wolf-Pelt-31bf194d1a938167be3cf65c92c36ee9?pvs=21),,1,Trapper,0,1,0
Wolf Coat,Perfect Ram Hide (https://app.notion.com/p/Perfect-Ram-Hide-31bf194d1a9381e496f0d57e8c2883df?pvs=21),,1,Trapper,0,1,0
Wolf Heart Trinket,Legendary Wolf Heart (https://app.notion.com/p/Legendary-Wolf-Heart-31bf194d1a938108abfefb75e5190a52?pvs=21),,1,Fence,1,0,0
Workman’s Pride Boots,Perfect Goat Hide (https://app.notion.com/p/Perfect-Goat-Hide-31bf194d1a9381cc9ac4de70787471d2?pvs=21),,1,Trapper,0,1,0
Workman’s Pride Boots,Perfect Cow Hide (https://app.notion.com/p/Perfect-Cow-Hide-31bf194d1a9381c8aa6ff7e692b6fd76?pvs=21),,1,Trapper,0,1,0